{
  "dataset": "sleep (Sleep-EDF)",
  "n_subjects": 8,
  "n_windows": 600,
  "primary": {
    "H_max_vs_prox_m": {
      "mean_rho": -0.24322603126570036,
      "lo": -0.3045877150475355,
      "hi": -0.18200086672744695,
      "wilcoxon_p": 0.0078125,
      "frac_pos": 0.0,
      "n": 8
    },
    "H_max_vs_prox_dfa": {
      "mean_rho": 0.01607396870554764,
      "lo": -0.07315309388335704,
      "hi": 0.12705832147937385,
      "wilcoxon_p": 0.9453125,
      "frac_pos": 0.375,
      "n": 8
    },
    "H_avg_vs_prox_m": {
      "mean_rho": -0.10178002517923261,
      "lo": -0.2205038922531957,
      "hi": 0.00865023188292834,
      "wilcoxon_p": 0.25,
      "frac_pos": 0.375,
      "n": 8
    },
    "H_avg_vs_prox_dfa": {
      "mean_rho": -0.018022759601706975,
      "lo": -0.08943083214793741,
      "hi": 0.04744354551920335,
      "wilcoxon_p": 0.4609375,
      "frac_pos": 0.25,
      "n": 8
    },
    "R_max_vs_prox_m": {
      "mean_rho": -0.21569438747425734,
      "lo": -0.2962164756230635,
      "hi": -0.14501315829987751,
      "wilcoxon_p": 0.0078125,
      "frac_pos": 0.0,
      "n": 8
    },
    "R_max_vs_prox_dfa": {
      "mean_rho": -0.03805832147937411,
      "lo": -0.14165540540540542,
      "hi": 0.08152231507823611,
      "wilcoxon_p": 0.7421875,
      "frac_pos": 0.375,
      "n": 8
    }
  },
  "by_state": {
    "N1": {
      "m_hat": 0.8754109947125407,
      "dfa": 0.9775806051803813,
      "H_max": 0.40876090971065887,
      "H_avg": 0.06958324425866921,
      "R_max": 0.0010550760375189895,
      "lzc": 0.5502326572848256,
      "exp_1f": 1.6544884603596732,
      "rel_alpha": 0.08564434671616376,
      "rel_slow": 0.7182554916895607,
      "n_windows": 120
    },
    "N2": {
      "m_hat": 0.8670082161358896,
      "dfa": 0.9868798421701961,
      "H_max": 0.4398762192232187,
      "H_avg": 0.07053312359118996,
      "R_max": 0.0013234862779652288,
      "lzc": 0.45583738772205484,
      "exp_1f": 2.516458497967383,
      "rel_alpha": 0.05262770509224512,
      "rel_slow": 0.8118886600974868,
      "n_windows": 120
    },
    "N3": {
      "m_hat": 0.7748375179888627,
      "dfa": 0.9260807298464264,
      "H_max": 0.5314755680265361,
      "H_avg": 0.07018964186699303,
      "R_max": 0.0019476645648079179,
      "lzc": 0.28973123186669636,
      "exp_1f": 2.98041079045422,
      "rel_alpha": 0.015701725438291618,
      "rel_slow": 0.9405750388070918,
      "n_windows": 120
    },
    "REM": {
      "m_hat": 0.841999765187305,
      "dfa": 0.9437134338357837,
      "H_max": 0.4083559870044581,
      "H_avg": 0.07027945448150384,
      "R_max": 0.0010137607114317955,
      "lzc": 0.5105750933216765,
      "exp_1f": 1.9853637934757653,
      "rel_alpha": 0.06581217933916043,
      "rel_slow": 0.7445882175332448,
      "n_windows": 120
    },
    "Wake": {
      "m_hat": 0.8562271546680196,
      "dfa": 0.909869937718987,
      "H_max": 0.4361212719073126,
      "H_avg": 0.0702699497508321,
      "R_max": 0.001374521521900918,
      "lzc": 0.4747998636947256,
      "exp_1f": 1.6724090968674759,
      "rel_alpha": 0.029954344057081046,
      "rel_slow": 0.8484323035672386,
      "n_windows": 120
    }
  },
  "pooled_direction": {
    "H_max_vs_m_hat": {
      "rho": -0.23870179651410683,
      "p": 4.336340073843433e-09,
      "n": 590
    },
    "H_max_vs_dfa": {
      "rho": -0.09113708649190692,
      "p": 0.02558947812962636,
      "n": 600
    }
  },
  "states": [
    "N1",
    "N2",
    "N3",
    "REM",
    "Wake"
  ],
  "state_decoding": {
    "chance": 0.2,
    "resonance": 0.37333333333333335,
    "band_power": 0.575,
    "criticality": 0.555,
    "resonance_plus_power": 0.58,
    "all": 0.6516666666666666
  },
  "quick": false
}