{
  "ratios": [
    "1:2",
    "1:3",
    "2:3",
    "3:4",
    "3:5",
    "4:5",
    "5:6",
    "5:7"
  ],
  "techniques": [
    "plv_canonical",
    "pli_canonical",
    "wpli_canonical",
    "rrci_canonical",
    "wpli_complex_canonical",
    "rho_entropy",
    "conditional_prob",
    "phase_mi"
  ],
  "regimes": [
    "clean",
    "bimodal",
    "multistable3",
    "nonsinusoidal_cf",
    "weak_kappa",
    "low_snr",
    "nonstationary",
    "harmonic_contam"
  ],
  "detection_auc": {
    "clean": {
      "plv_canonical": 1.0,
      "pli_canonical": 0.92755126953125,
      "wpli_canonical": 0.93951416015625,
      "rrci_canonical": 0.89306640625,
      "wpli_complex_canonical": 0.94464111328125,
      "rho_entropy": 1.0,
      "conditional_prob": 1.0,
      "phase_mi": 1.0
    },
    "bimodal": {
      "plv_canonical": 0.39154052734375,
      "pli_canonical": 0.384674072265625,
      "wpli_canonical": 0.40655517578125,
      "rrci_canonical": 0.39398193359375,
      "wpli_complex_canonical": 0.41339111328125,
      "rho_entropy": 0.99212646484375,
      "conditional_prob": 0.38885498046875,
      "phase_mi": 0.99163818359375
    },
    "multistable3": {
      "plv_canonical": 0.33563232421875,
      "pli_canonical": 0.67034912109375,
      "wpli_canonical": 0.38348388671875,
      "rrci_canonical": 0.3848876953125,
      "wpli_complex_canonical": 0.38128662109375,
      "rho_entropy": 0.9180908203125,
      "conditional_prob": 0.3326416015625,
      "phase_mi": 0.91485595703125
    },
    "nonsinusoidal_cf": {
      "plv_canonical": 1.0,
      "pli_canonical": 0.954437255859375,
      "wpli_canonical": 0.96502685546875,
      "rrci_canonical": 0.91204833984375,
      "wpli_complex_canonical": 0.96112060546875,
      "rho_entropy": 1.0,
      "conditional_prob": 1.0,
      "phase_mi": 1.0
    },
    "weak_kappa": {
      "plv_canonical": 0.655029296875,
      "pli_canonical": 0.6107177734375,
      "wpli_canonical": 0.62091064453125,
      "rrci_canonical": 0.61273193359375,
      "wpli_complex_canonical": 0.69134521484375,
      "rho_entropy": 0.64642333984375,
      "conditional_prob": 0.6553955078125,
      "phase_mi": 0.6614990234375
    },
    "low_snr": {
      "plv_canonical": 0.9320068359375,
      "pli_canonical": 0.849334716796875,
      "wpli_canonical": 0.8583984375,
      "rrci_canonical": 0.849609375,
      "wpli_complex_canonical": 0.868896484375,
      "rho_entropy": 0.8837890625,
      "conditional_prob": 0.9326171875,
      "phase_mi": 0.89862060546875
    },
    "nonstationary": {
      "plv_canonical": 0.99945068359375,
      "pli_canonical": 0.93768310546875,
      "wpli_canonical": 0.92626953125,
      "rrci_canonical": 0.92071533203125,
      "wpli_complex_canonical": 0.96392822265625,
      "rho_entropy": 0.9996337890625,
      "conditional_prob": 0.99957275390625,
      "phase_mi": 0.9990234375
    },
    "harmonic_contam": {
      "plv_canonical": 1.0,
      "pli_canonical": 0.923431396484375,
      "wpli_canonical": 0.937744140625,
      "rrci_canonical": 0.89361572265625,
      "wpli_complex_canonical": 0.9423828125,
      "rho_entropy": 1.0,
      "conditional_prob": 1.0,
      "phase_mi": 1.0
    }
  },
  "specificity_ident_accuracy": {
    "clean": {
      "plv_canonical": 1.0,
      "pli_canonical": 0.9921875,
      "wpli_canonical": 0.9921875,
      "rrci_canonical": 0.9921875,
      "wpli_complex_canonical": 1.0,
      "rho_entropy": 1.0,
      "conditional_prob": 1.0,
      "phase_mi": 1.0
    },
    "bimodal": {
      "plv_canonical": 1.0,
      "pli_canonical": 0.90625,
      "wpli_canonical": 0.9296875,
      "rrci_canonical": 0.921875,
      "wpli_complex_canonical": 0.9921875,
      "rho_entropy": 1.0,
      "conditional_prob": 0.2890625,
      "phase_mi": 0.75
    }
  },
  "regime_winner": {
    "clean": "plv_canonical",
    "bimodal": "rho_entropy",
    "multistable3": "rho_entropy",
    "nonsinusoidal_cf": "plv_canonical",
    "weak_kappa": "wpli_complex_canonical",
    "low_snr": "conditional_prob",
    "nonstationary": "rho_entropy",
    "harmonic_contam": "plv_canonical"
  },
  "sanity_gates": {
    "clean_plv_gt_0.9": true,
    "bimodal_plv_lt_0.6": true,
    "bimodal_rho_gt_plv": true,
    "all_passed": true
  },
  "n_seeds": 16
}