{
  "quick": true,
  "out": {
    "motor": {
      "pc": {
        "mu1:1": {
          "n": 70,
          "frac_sig": 0.7428571428571429,
          "median_z": 2.1779643671737077,
          "auc_pcz": 0.5673469387755102
        },
        "mu-beta1:2": {
          "n": 70,
          "frac_sig": 0.05714285714285714,
          "median_z": -0.14285861570233027,
          "auc_pcz": 0.41877551020408166
        },
        "beta1:1": {
          "n": 70,
          "frac_sig": 0.5142857142857142,
          "median_z": 1.7991406017057985,
          "auc_pcz": 0.5697959183673469
        }
      },
      "band_power_auc": {
        "mu": 0.5110204081632653,
        "beta": 0.5469387755102041
      }
    },
    "occipital": {
      "pc": {
        "alpha1:1": {
          "n": 70,
          "frac_sig": 0.6714285714285714,
          "median_z": 2.2645040478930003,
          "auc_pcz": 0.4620408163265306
        },
        "mu-beta1:2": {
          "n": 70,
          "frac_sig": 0.12857142857142856,
          "median_z": -0.05011604782706927,
          "auc_pcz": 0.4620408163265306
        },
        "alpha-theta3:2": {
          "n": 70,
          "frac_sig": 0.08571428571428572,
          "median_z": -0.14105674662373724,
          "auc_pcz": 0.47183673469387755
        }
      },
      "band_power_auc": {
        "alpha": 0.8702040816326531
      }
    }
  }
}