{
  "dataset": "sleep_st",
  "quick": false,
  "n_subjects": 12,
  "n_windows": 895,
  "states": [
    "N1",
    "N2",
    "N3",
    "REM",
    "Wake"
  ],
  "by_state": {
    "N1": {
      "H_full": 0.4440069633373021,
      "H_aval": 0.44612805929975924,
      "R_full": 0.0012425599890071195,
      "R_aval": 0.0012858597258863882,
      "m_hat": 0.911685321732657
    },
    "N2": {
      "H_full": 0.4762737157376234,
      "H_aval": 0.4340785786916186,
      "R_full": 0.0015244299341105935,
      "R_aval": 0.001372912753821281,
      "m_hat": 0.8893383607868741
    },
    "N3": {
      "H_full": 0.5254231036745761,
      "H_aval": 0.47545951901225586,
      "R_full": 0.001720821840752364,
      "R_aval": 0.0017722626341352525,
      "m_hat": 0.8483196041566725
    },
    "REM": {
      "H_full": 0.42549623022670113,
      "H_aval": 0.4105171703702221,
      "R_full": 0.0011804167638526351,
      "R_aval": 0.0012587285470392112,
      "m_hat": 0.8817541546135144
    },
    "Wake": {
      "H_full": 0.4790789330936955,
      "H_aval": 0.47264748924936356,
      "R_full": 0.0021563726991138794,
      "R_aval": 0.0017976116385348473,
      "m_hat": 0.924199936755643
    }
  },
  "criticality": {
    "H_full_vs_prox_m": {
      "rho": -0.14950630187169195,
      "lo": -0.22306781621734006,
      "hi": -0.07450129223913692,
      "p": 0.00927734375,
      "frac_pos": 0.25,
      "n": 12
    },
    "H_full_noslow_vs_prox_m": {
      "rho": -0.1337117776854356,
      "lo": -0.20422397811985527,
      "hi": -0.053787508667688215,
      "p": 0.01611328125,
      "frac_pos": 0.16666666666666666,
      "n": 12
    },
    "H_aval_vs_prox_m": {
      "rho": 0.03689384257897718,
      "lo": -0.045717556028203196,
      "hi": 0.11910121164521775,
      "p": 0.5693359375,
      "frac_pos": 0.5,
      "n": 12
    },
    "R_full_vs_prox_m": {
      "rho": -0.14667621374740358,
      "lo": -0.19853212960215258,
      "hi": -0.09660857800497086,
      "p": 0.0009765625,
      "frac_pos": 0.08333333333333333,
      "n": 12
    },
    "R_aval_vs_prox_m": {
      "rho": -0.12589673067923116,
      "lo": -0.21968954458181442,
      "hi": -0.041306213169973016,
      "p": 0.02099609375,
      "frac_pos": 0.25,
      "n": 12
    }
  },
  "criticality_p_bh": {
    "H_aval_vs_prox_m": 0.5693359375,
    "R_aval_vs_prox_m": 0.0262451171875,
    "H_full_noslow_vs_prox_m": 0.0262451171875,
    "H_full_vs_prox_m": 0.023193359375,
    "R_full_vs_prox_m": 0.0048828125
  },
  "paired_dissociation": {
    "across": {
      "rho_a": -0.14950630187169195,
      "rho_b": 0.03689384257897718,
      "diff": 0.1864001444506692,
      "p": 0.0009765625,
      "frac_b_gt_a": 0.9166666666666666,
      "n": 12
    }
  },
  "partial": {
    "H_aval_vs_prox_m|slow_gfp": {
      "rho": 0.10987759369708006,
      "lo": 0.0192348703436273,
      "hi": 0.19698624086308353,
      "p": 0.05224609375,
      "frac_pos": 0.6666666666666666,
      "n": 12
    },
    "H_full_vs_prox_m|slow_raw": {
      "rho": 0.03227446773866903,
      "lo": -0.037328912740077075,
      "hi": 0.10553952291980193,
      "p": 0.5185546875,
      "frac_pos": 0.5833333333333334,
      "n": 12
    }
  },
  "within_state": {
    "H_full": {
      "rho": -0.006259296259296262,
      "lo": -0.07590588924963924,
      "hi": 0.06544463522588523,
      "p": 0.509971980619959,
      "frac_pos": 0.45,
      "n": 60
    },
    "H_aval": {
      "rho": 0.07195387945387946,
      "lo": -0.00235526973026973,
      "hi": 0.14597581585081584,
      "p": 0.08321950980445593,
      "frac_pos": 0.55,
      "n": 60
    },
    "R_full": {
      "rho": -0.0022091797091797014,
      "lo": -0.07145567973692973,
      "hi": 0.0669921293983794,
      "p": 0.6615393601879718,
      "frac_pos": 0.45,
      "n": 60
    },
    "R_aval": {
      "rho": -0.04469502719502719,
      "lo": -0.11948722804972801,
      "hi": 0.030744883588633577,
      "p": 0.24659660807944805,
      "frac_pos": 0.45,
      "n": 60
    }
  }
}