{
  "quick": true,
  "peaks_function": "fixed",
  "bandwidth": 3.0,
  "out": {
    "motor": {
      "pc": {
        "nm_plv_canonical": {
          "n": 70,
          "frac_sig": 0.9571428571428572,
          "median_z": 6.176689699089801,
          "state_auc": 0.6955102040816327
        },
        "nm_wpli": {
          "n": 70,
          "frac_sig": 0.7428571428571429,
          "median_z": 3.4672566130148637,
          "state_auc": 0.5093877551020408
        },
        "nm_rrci": {
          "n": 70,
          "frac_sig": 0.7142857142857143,
          "median_z": 4.169916338729093,
          "state_auc": 0.5763265306122449
        },
        "nm_pli": {
          "n": 70,
          "frac_sig": 0.7571428571428571,
          "median_z": 3.5721648519495544,
          "state_auc": 0.5861224489795919
        }
      },
      "band_power_auc": {
        "mu": 0.5110204081632653,
        "beta": 0.5469387755102041
      }
    },
    "occipital": {
      "pc": {
        "nm_plv_canonical": {
          "n": 70,
          "frac_sig": 1.0,
          "median_z": 6.217914349844985,
          "state_auc": 0.24244897959183673
        },
        "nm_wpli": {
          "n": 70,
          "frac_sig": 0.7428571428571429,
          "median_z": 3.100013473059043,
          "state_auc": 0.403265306122449
        },
        "nm_rrci": {
          "n": 70,
          "frac_sig": 0.7142857142857143,
          "median_z": 3.488597808617092,
          "state_auc": 0.4448979591836735
        },
        "nm_pli": {
          "n": 70,
          "frac_sig": 0.7285714285714285,
          "median_z": 3.4815980298384472,
          "state_auc": 0.46775510204081633
        }
      },
      "band_power_auc": {
        "alpha": 0.8702040816326531
      }
    }
  }
}