{
  "quick": false,
  "rows": [
    {
      "g": 0.45,
      "order_param": 0.003250728485435317,
      "order_param_sem": 3.739833369348111e-05,
      "order_param_ci": [
        0.0031879932706870024,
        0.003324225389193451
      ],
      "susceptibility": 2.8803927660134227e-06,
      "susceptibility_sem": 8.543308377641014e-08,
      "susceptibility_ci": [
        2.735280073694228e-06,
        3.0523997502115545e-06
      ],
      "autocorr_time": 14.0,
      "autocorr_time_sem": 0.4438126822992973,
      "autocorr_time_ci": [
        13.25,
        14.916666666666666
      ],
      "crossEI_H": 4.552715958011909,
      "crossEI_H_sem": 0.42433573210294934,
      "crossEI_H_ci": [
        3.738050985683466,
        5.2831767434804116
      ],
      "crossEI_PC": 0.43395632423938685,
      "crossEI_PC_sem": 0.04181167084543453,
      "crossEI_PC_ci": [
        0.354863617758312,
        0.5125007119418996
      ],
      "crossEI_R": 2.0215887419547265,
      "crossEI_R_sem": 0.2916865753869862,
      "crossEI_R_ci": [
        1.4815615320909752,
        2.5643870301945406
      ],
      "crossEI_PC_rel": 0.0
    },
    {
      "g": 0.55,
      "order_param": 0.005748100109343027,
      "order_param_sem": 8.870643346187562e-05,
      "order_param_ci": [
        0.0056015962241162945,
        0.005922152096070711
      ],
      "susceptibility": 9.079908716551412e-06,
      "susceptibility_sem": 3.252911871335027e-07,
      "susceptibility_ci": [
        8.52161740987651e-06,
        9.725842089169543e-06
      ],
      "autocorr_time": 20.25,
      "autocorr_time_sem": 0.44594129250792236,
      "autocorr_time_ci": [
        19.416666666666668,
        21.083333333333332
      ],
      "crossEI_H": 4.159901753679648,
      "crossEI_H_sem": 0.4886326021345166,
      "crossEI_H_ci": [
        3.2406775405503536,
        5.056057715548941
      ],
      "crossEI_PC": 0.48959273922253527,
      "crossEI_PC_sem": 0.06658115738508782,
      "crossEI_PC_ci": [
        0.3590685536680592,
        0.6073825887117575
      ],
      "crossEI_R": 2.107482454039869,
      "crossEI_R_sem": 0.36082733254784,
      "crossEI_R_ci": [
        1.4493271729119206,
        2.7539794278899454
      ],
      "crossEI_PC_rel": 0.05563641498314842
    },
    {
      "g": 0.6,
      "order_param": 0.010028846339036841,
      "order_param_sem": 0.00018542844282476973,
      "order_param_ci": [
        0.009703250839696828,
        0.010388761252190912
      ],
      "susceptibility": 2.7567139386899157e-05,
      "susceptibility_sem": 1.1704976617646551e-06,
      "susceptibility_ci": [
        2.5546463565588014e-05,
        2.9850115094954143e-05
      ],
      "autocorr_time": 22.25,
      "autocorr_time_sem": 0.32856437033638547,
      "autocorr_time_ci": [
        21.666666666666668,
        22.833333333333332
      ],
      "crossEI_H": 4.395604978348163,
      "crossEI_H_sem": 0.5267240939254518,
      "crossEI_H_ci": [
        3.3955564007281582,
        5.315894430057364
      ],
      "crossEI_PC": 0.8540315550895557,
      "crossEI_PC_sem": 0.04310515203174567,
      "crossEI_PC_ci": [
        0.765907862900841,
        0.9236849307713031
      ],
      "crossEI_R": 3.765223104749938,
      "crossEI_R_sem": 0.48687918588356577,
      "crossEI_R_ci": [
        2.846003898602887,
        4.599808695313991
      ],
      "crossEI_PC_rel": 0.4200752308501689
    },
    {
      "g": 0.65,
      "order_param": 0.02606322191006111,
      "order_param_sem": 0.00045269183851130495,
      "order_param_ci": [
        0.02518724143993058,
        0.026876673254198385
      ],
      "susceptibility": 0.00019148301683569936,
      "susceptibility_sem": 1.3280000797635519e-05,
      "susceptibility_ci": [
        0.0001692680683390251,
        0.0002176397474290261
      ],
      "autocorr_time": 17.916666666666668,
      "autocorr_time_sem": 0.08333333333333333,
      "autocorr_time_ci": [
        17.75,
        18.0
      ],
      "crossEI_H": 4.696415533812283,
      "crossEI_H_sem": 0.15966760551686224,
      "crossEI_H_ci": [
        4.404375693655134,
        4.994370854367482
      ],
      "crossEI_PC": 0.9856788241390889,
      "crossEI_PC_sem": 0.00482448268362798,
      "crossEI_PC_ci": [
        0.975033942369125,
        0.9930852500062922
      ],
      "crossEI_R": 4.629151851201303,
      "crossEI_R_sem": 0.16041869029256042,
      "crossEI_R_ci": [
        4.343142607485341,
        4.937341340468223
      ],
      "crossEI_PC_rel": 0.5517224998997021
    },
    {
      "g": 0.7,
      "order_param": 0.1276612959786741,
      "order_param_sem": 0.0007045003745463589,
      "order_param_ci": [
        0.12630402232787175,
        0.12896035560471614
      ],
      "susceptibility": 0.0017717412613513098,
      "susceptibility_sem": 3.9755358458643534e-05,
      "susceptibility_ci": [
        0.0016938728026797965,
        0.0018452849109930874
      ],
      "autocorr_time": 12.416666666666666,
      "autocorr_time_sem": 0.1486470975026408,
      "autocorr_time_ci": [
        12.166666666666666,
        12.666666666666666
      ],
      "crossEI_H": 2.6856929243080097,
      "crossEI_H_sem": 0.03108902089375572,
      "crossEI_H_ci": [
        2.6287271770494622,
        2.7437725255066616
      ],
      "crossEI_PC": 0.9551786573354833,
      "crossEI_PC_sem": 0.01323425967951177,
      "crossEI_PC_ci": [
        0.9272218387973035,
        0.9755276174057821
      ],
      "crossEI_R": 2.5633357672455657,
      "crossEI_R_sem": 0.03587530487685285,
      "crossEI_R_ci": [
        2.498397594986584,
        2.625202965745985
      ],
      "crossEI_PC_rel": 0.5212223330960966
    },
    {
      "g": 0.75,
      "order_param": 0.168773301411973,
      "order_param_sem": 0.0002930504855653523,
      "order_param_ci": [
        0.16825116517193042,
        0.16930721647174748
      ],
      "susceptibility": 0.004256938538879664,
      "susceptibility_sem": 1.9145649769144404e-05,
      "susceptibility_ci": [
        0.004220754238255656,
        0.004294404554348095
      ],
      "autocorr_time": 10.333333333333334,
      "autocorr_time_sem": 0.1421338109037403,
      "autocorr_time_ci": [
        10.083333333333334,
        10.583333333333334
      ],
      "crossEI_H": 3.045123806366385,
      "crossEI_H_sem": 0.013943505990174972,
      "crossEI_H_ci": [
        3.0181346653628207,
        3.070679865477155
      ],
      "crossEI_PC": 0.9642997806642191,
      "crossEI_PC_sem": 0.009169284529361924,
      "crossEI_PC_ci": [
        0.9454547459768957,
        0.9792134219992586
      ],
      "crossEI_R": 2.936571839899228,
      "crossEI_R_sem": 0.03214192974623653,
      "crossEI_R_ci": [
        2.871919826975918,
        2.9901135983942524
      ],
      "crossEI_PC_rel": 0.5303434564248322
    },
    {
      "g": 0.8,
      "order_param": 0.19493545004527704,
      "order_param_sem": 0.00036955096615695843,
      "order_param_ci": [
        0.1942292473086464,
        0.1956170544143583
      ],
      "susceptibility": 0.006483665042206532,
      "susceptibility_sem": 3.8762733399973746e-05,
      "susceptibility_ci": [
        0.006414937227803995,
        0.006556688999333731
      ],
      "autocorr_time": 10.0,
      "autocorr_time_sem": 0.0,
      "autocorr_time_ci": [
        10.0,
        10.0
      ],
      "crossEI_H": 3.2868811659928774,
      "crossEI_H_sem": 0.016099938769335853,
      "crossEI_H_ci": [
        3.2560118964166045,
        3.317382173649407
      ],
      "crossEI_PC": 0.9631895595029808,
      "crossEI_PC_sem": 0.015048964579392973,
      "crossEI_PC_ci": [
        0.9313496071841381,
        0.9821804265571831
      ],
      "crossEI_R": 3.1651819190205006,
      "crossEI_R_sem": 0.04831720741449333,
      "crossEI_R_ci": [
        3.064795558533768,
        3.233018047498248
      ],
      "crossEI_PC_rel": 0.529233235263594
    },
    {
      "g": 0.9,
      "order_param": 0.25856752891006546,