{
  "quick": false,
  "ratios": [
    "1:2",
    "1:3",
    "1:4",
    "1:5",
    "2:3",
    "2:5",
    "2:7",
    "3:4",
    "3:5",
    "3:7",
    "4:5",
    "4:7",
    "5:6",
    "5:7",
    "6:7"
  ],
  "snr_db": 3.0,
  "out": {
    "detection": {
      "0": {
        "pooled_auc": {
          "plv": 1.0,
          "plv_canonical": 1.0,
          "pli": 0.7974814814814815,
          "wpli": 0.8060246913580247,
          "rrci": 0.7469629629629629,
          "wpli_complex": 0.8091259259259259,
          "plv_SWAPPED": 0.3798913580246914
        },
        "per_ratio": {
          "1:2": {
            "plv": 1.0,
            "plv_canonical": 1.0,
            "pli": 1.0,
            "wpli": 1.0,
            "rrci": 1.0,
            "wpli_complex": 1.0,
            "plv_SWAPPED": 0.3288888888888889
          },
          "1:3": {
            "plv": 1.0,
            "plv_canonical": 1.0,
            "pli": 0.21777777777777776,
            "wpli": 0.22666666666666666,
            "rrci": 0.035555555555555556,
            "wpli_complex": 0.2311111111111111,
            "plv_SWAPPED": 0.48444444444444446
          },
          "1:4": {
            "plv": 1.0,
            "plv_canonical": 1.0,
            "pli": 1.0,
            "wpli": 1.0,
            "rrci": 1.0,
            "wpli_complex": 1.0,
            "plv_SWAPPED": 0.3244444444444444
          },
          "1:5": {
            "plv": 1.0,
            "plv_canonical": 1.0,
            "pli": 0.25333333333333335,
            "wpli": 0.27111111111111114,
            "rrci": 0.1111111111111111,
            "wpli_complex": 0.28888888888888886,
            "plv_SWAPPED": 0.43555555555555553
          },
          "2:3": {
            "plv": 1.0,
            "plv_canonical": 1.0,
            "pli": 1.0,
            "wpli": 1.0,
            "rrci": 1.0,
            "wpli_complex": 1.0,
            "plv_SWAPPED": 0.26222222222222225
          },
          "2:5": {
            "plv": 1.0,
            "plv_canonical": 1.0,
            "pli": 1.0,
            "wpli": 1.0,
            "rrci": 1.0,
            "wpli_complex": 1.0,
            "plv_SWAPPED": 0.31555555555555553
          },
          "2:7": {
            "plv": 1.0,
            "plv_canonical": 1.0,
            "pli": 1.0,
            "wpli": 1.0,
            "rrci": 1.0,
            "wpli_complex": 1.0,
            "plv_SWAPPED": 0.44
          },
          "3:4": {
            "plv": 1.0,
            "plv_canonical": 1.0,
            "pli": 1.0,
            "wpli": 1.0,
            "rrci": 1.0,
            "wpli_complex": 1.0,
            "plv_SWAPPED": 0.3333333333333333
          },
          "3:5": {
            "plv": 1.0,
            "plv_canonical": 1.0,
            "pli": 0.4,
            "wpli": 0.44,
            "rrci": 0.25333333333333335,
            "wpli_complex": 0.4488888888888889,
            "plv_SWAPPED": 0.7333333333333333
          },
          "3:7": {
            "plv": 1.0,
            "plv_canonical": 1.0,
            "pli": 0.5222222222222223,
            "wpli": 0.56,
            "rrci": 0.37777777777777777,
            "wpli_complex": 0.5511111111111111,
            "plv_SWAPPED": 0.32
          },
          "4:5": {
            "plv": 1.0,
            "plv_canonical": 1.0,
            "pli": 1.0,
            "wpli": 1.0,
            "rrci": 1.0,
            "wpli_complex": 1.0,
            "plv_SWAPPED": 0.43555555555555553
          },
          "4:7": {
            "plv": 1.0,
            "plv_canonical": 1.0,
            "pli": 1.0,
            "wpli": 1.0,
            "rrci": 1.0,
            "wpli_complex": 1.0,
            "plv_SWAPPED": 0.3244444444444444
          },
          "5:6": {
            "plv": 1.0,
            "plv_canonical": 1.0,
            "pli": 1.0,
            "wpli": 1.0,
            "rrci": 1.0,
            "wpli_complex": 1.0,
            "plv_SWAPPED": 0.2222222222222222
          },
          "5:7": {
            "plv": 1.0,
            "plv_canonical": 1.0,
            "pli": 0.48,
            "wpli": 0.4533333333333333,
            "rrci": 0.32,
            "wpli_complex": 0.4488888888888889,
            "plv_SWAPPED": 0.4
          },
          "6:7": {
            "plv": 1.0,
            "plv_canonical": 1.0,
            "pli": 1.0,
            "wpli": 1.0,
            "rrci": 1.0,
            "wpli_complex": 1.0,
            "plv_SWAPPED": 0.16
          }
        }
      },
      "pi/2": {
        "pooled_auc": {
          "plv": 1.0,
          "plv_canonical": 1.0,
          "pli": 0.8416098765432098,
          "wpli": 0.8523259259259259,
          "rrci": 0.785758024691358,
          "wpli_complex": 0.8534123456790124,
          "plv_SWAPPED": 0.13680987654320986
        },
        "per_ratio": {
          "1:2": {
            "plv": 1.0,
            "plv_canonical": 1.0,
            "pli": 0.18222222222222223,
            "wpli": 0.17333333333333334,
            "rrci": 0.0,
            "wpli_complex": 0.19555555555555557,
            "plv_SWAPPED": 0.057777777777777775
          },
          "1:3": {
            "plv": 1.0,
            "plv_canonical": 1.0,
            "pli": 1.0,
            "wpli": 1.0,
            "rrci": 1.0,
            "wpli_complex": 1.0,
            "plv_SWAPPED": 0.07111111111111111
          },
          "1:4": {
            "plv": 1.0,
            "plv_canonical": 1.0,
            "pli": 0.5155555555555555,
            "wpli": 0.49777777777777776,
            "rrci": 0.22666666666666666,
            "wpli_complex": 0.52,
            "plv_SWAPPED": 0.10222222222222223
          },
          "1:5": {
            "plv": 1.0,
            "plv_canonical": 1.0,
            "pli": 1.0,
            "wpli": 1.0,
            "rrci": 1.0,
            "wpli_complex": 1.0,
            "plv_SWAPPED": 0.02666666666666667
          },
          "2:3": {
            "plv": 1.0,
            "plv_canonical": 1.0,
            "pli": 1.0,
            "wpli": 1.0,
            "rrci": 1.0,
            "wpli_complex": 1.0,
            "plv_SWAPPED": 0.06222222222222222
          },
          "2:5": {
            "plv": 1.0,
            "plv_canonical": 1.0,
            "pli": 1.0,
            "wpli": 1.0,
            "rrci": 1.0,
            "wpli_complex": 1.0,
            "plv_SWAPPED": 0.013333333333333334
          },
          "2:7": {
            "plv": 1.0,
            "plv_canonical": 1.0,
            "pli": 1.0,
            "wpli": 1.0,
            "rrci": 1.0,
            "wpli_complex": 1.0,
            "plv_SWAPPED": 0.13333333333333333
          },
          "3:4": {
            "plv": 1.0,
            "plv_canonical": 1.0,
            "pli": 0.3288888888888889,
            "wpli": 0.3466666666666667,
            "rrci": 0.19555555555555557,
            "wpli_complex": 0.3333333333333333,
            "plv_SWAPPED": 0.13777777777777778
          },
          "3:5": {
            "plv": 1.0,
            "plv_canonical": 1.0,
            "pli": 1.0,
            "wpli": 1.0,
            "rrci": 1.0,
            "wpli_complex": 1.0,
            "plv_SWAPPED": 0.08
          },
          "3:7": {
            "plv": 1.0,
            "plv_canonical": 1.0,
            "pli": 1.0,
            "wpli": 1.0,
            "rrci": 1.0,
            "wpli_complex": 1.0,
            "plv_SWAPPED": 0.09777777777777778
          },
          "4:5": {
            "plv": 1.0,
            "plv_canonical": 1.0,
            "pli": 1.0,
            "wpli": 1.0,
            "rrci": 1.0,
            "wpli_complex": 1.0,
            "plv_SWAPPED": 0.12444444444444444
          },
          "4:7": {
            "plv": 1.0,
            "plv_canonical": 1.0,
            "pli": 1.0,
            "wpli": 1.0,
            "rrci": 1.0,
            "wpli_complex": 1.0,
            "plv_SWAPPED": 0.18666666666666668
          },
          "5:6": {
            "plv": 1.0,
            "plv_canonical": 1.0,
            "pli": 0.5244444444444445,
            "wpli": 0.5377777777777778,