{
  "quick": true,
  "n_subjects": 5,
  "n_surr": 10,
  "epochs_per_stage": {
    "Wake": 25,
    "N2": 25,
    "N3": 25,
    "REM": 25
  },
  "freqs": [
    1.5,
    3.0,
    4.5,
    6.0,
    7.5,
    9.0,
    10.5,
    12.0,
    13.5,
    15.0
  ],
  "stages": [
    "Wake",
    "N2",
    "N3",
    "REM"
  ],
  "within": {
    "plv": {
      "mean_z": {
        "Wake": [
          0.8717114087491329,
          2.0998237573160865,
          1.7665620775066544,
          2.0917666103373023,
          1.2441132691544081,
          2.1070005948994566,
          0.19705778150859057,
          0.8161103452490057,
          0.8861818886888632,
          1.1709536644278564
        ],
        "N2": [
          0.24525393663003403,
          -0.0885089639627432,
          -0.13605164774173573,
          0.0659176271933671,
          -0.25367467468975347,
          -0.4366770187113152,
          -0.23532617870336153,
          -0.3932233817980035,
          0.09072855994579575,
          0.1776973044546607
        ],
        "N3": [
          0.14835180458622968,
          0.09713687319413737,
          0.2560018066972899,
          0.024157837332143516,
          0.10903819070608632,
          -0.04830618142119137,
          0.030666411788378912,
          -0.144591176355467,
          -0.17270991157407123,
          -0.0324986414355821
        ],
        "REM": [
          -0.32374699171168003,
          0.020804782028930813,
          -0.0575203639773707,
          -0.29562043247579983,
          -0.10091427217990148,
          0.06761318386508237,
          0.014357000018701905,
          -0.12929532494692392,
          0.3896760523093403,
          0.07309169323877521
        ]
      },
      "kruskal_p": [
        0.027399625501849493,
        8.038440106555912e-05,
        0.0039553551985266324,
        0.004758689447978378,
        0.001328832681360522,
        0.00017696790767384067,
        0.7301395872551368,
        0.04984464175495463,
        0.11804472303710752,
        0.05236805516612247
      ],
      "fdr_q": [
        0.04566604250308249,
        0.0008038440106555912,
        0.009517378895956757,
        0.009517378895956757,
        0.00442944227120174,
        0.0008848395383692034,
        0.7301395872551368,
        0.06546006895765308,
        0.1311608033745639,
        0.06546006895765308
      ],
      "n_sig": 6,
      "min_p": 8.038440106555912e-05,
      "peak_freq": 3.0
    },
    "rho_entropy": {
      "mean_z": {
        "Wake": [
          1.3543850037683742,
          2.379502394479482,
          2.1428420809489235,
          2.282273914926729,
          1.4152271823896223,
          2.514216802630924,
          0.281320341221818,
          0.6746441019376646,
          1.0696349605971618,
          1.904747699580415
        ],
        "N2": [
          0.06353308378240775,
          -0.25083969844402365,
          -0.3542574565820871,
          -0.12305375072925542,
          -0.2335080019813777,
          -0.5474483307201212,
          0.18660226804068564,
          -0.1871883137826959,
          -0.13487651452424093,
          0.03871784749678561
        ],
        "N3": [
          0.5025962050757098,
          0.36453993014132097,
          0.21077750709115273,
          -0.0869411660425266,
          0.023845273744528033,
          -0.08960116947814363,
          -0.3441463199258098,
          -0.2250586146006595,
          0.08341434569968083,
          0.1714631632994937
        ],
        "REM": [
          -0.37210681803065304,
          -0.11161417492400394,
          -0.010132936821626361,
          -0.2016221572027007,
          -0.24556878031876223,
          -0.14440328529437504,
          -0.224931839216886,
          -0.13066033915407457,
          0.3767471349256099,
          -0.16125397753996798
        ]
      },
      "kruskal_p": [
        0.0006112555096452997,
        0.0001650664902273615,
        0.0028777456031108747,
        0.0021855647330555534,
        0.001056964513243273,
        0.0006932462616539121,
        0.12444941486551726,
        0.30661574779614387,
        0.3779969067733279,
        0.007171167159447136
      ],
      "fdr_q": [
        0.002310820872179707,
        0.001650664902273615,
        0.004796242671851458,
        0.004371129466111107,
        0.0026424112831081826,
        0.002310820872179707,
        0.15556176858189658,
        0.3406841642179377,
        0.3779969067733279,
        0.010244524513495909
      ],
      "n_sig": 7,
      "min_p": 0.0001650664902273615,
      "peak_freq": 3.0
    }
  },
  "between": {
    "plv": {
      "mean_z": {
        "Wake": [
          -0.018731281777740173,
          0.3483743023998649,
          0.1505527994310414,
          -0.1008905589050479,
          0.28321079440902736,
          0.16671488509638,
          0.05636334091590054,
          0.3323531707615345,
          -0.21924971651327926,
          -0.12272951231768062
        ],
        "N2": [
          0.34964738401394896,
          -0.15187136599666345,
          0.23816559990500574,
          -0.07201802305686267,
          -0.0727621964157374,
          -0.3185285231647339,
          0.07457337324471652,
          -0.10426686395921365,
          0.3213778538162002,
          0.050281242344605494
        ],
        "N3": [
          0.22107260729165631,
          0.13439694300041577,
          0.21048809659444095,
          0.5100963056749888,
          -0.05156580224984173,
          -0.23385641060745951,
          -0.10129635808312418,
          -0.044848467001858905,
          -0.21785199752310774,
          -0.5235271222784647
        ],
        "REM": [
          -0.29475984229627,
          -0.3568561172761455,
          0.5918717474141354,
          -0.32151646989184735,
          0.1384710382067658,
          0.4260232668445541,
          0.030898208315573047,
          -0.6244522757859691,
          -0.17063036865256753,
          0.3977265436730263
        ]
      },
      "kruskal_p": [
        0.11383464730108647,
        0.3258819307361672,
        0.766426158350958,
        0.1421833138917668,
        0.6862411497927282,
        0.06585720017400212,
        0.9644294414112171,
        0.02113185295695739,
        0.32433505052132705,
        0.08621524458655273
      ],
      "fdr_q": [
        0.2843666277835336,
        0.4655456153373817,
        0.8515846203899533,
        0.2843666277835336,
        0.8515846203899533,
        0.2843666277835336,
        0.9644294414112171,
        0.21131852956957392,
        0.4655456153373817,
        0.2843666277835336
      ],
      "n_sig": 0,
      "min_p": 0.02113185295695739,
      "peak_freq": 12.0
    },
    "rho_entropy": {
      "mean_z": {
        "Wake": [
          -0.01384622031879542,
          0.38021185583911704,
          -0.009653189725793649,
          -0.30271302396486666,
          0.5469045816486282,
          0.2283199964504698,
          0.20865692732219884,
          0.33285722750679286,
          -0.06504825975639966,
          -0.13168747477267165
        ],
        "N2": [
          0.35184204120864676,
          -0.31285229698065015,
          0.12397689502543756,
          -0.1735622257062763,
          -0.21040971745157871,
          -0.4229616183064974,
          0.011825580436514866,
          0.10309861825332621,
          -0.22308909151015213,
          -0.14695398845107252
        ],
        "N3": [
          -0.10570953976448771,
          0.12637188041936084,
          0.2063135146185688,
          0.5547266796263106,
          0.1257073401282259,
          -0.3903974752599608,
          0.03657620061491181,
          0.005705990341677491,
          -0.08620913177194936,
          -0.7713695867068914
        ],