{
  "dataset": "deepga",
  "quick": false,
  "n_subjects": 7,
  "n_windows": 80,
  "states": [
    "unconscious",
    "wake"
  ],
  "by_state": {
    "unconscious": {
      "H_full": 0.44987261924529104,
      "H_aval": 0.4616275645034867,
      "R_full": 0.0012305434877674544,
      "R_aval": 0.0012756416402834243,
      "m_hat": 0.9808341497022826
    },
    "wake": {
      "H_full": 0.42895206094489224,
      "H_aval": 0.471524832296286,
      "R_full": 0.0013350198717473607,
      "R_aval": 0.0012280756548620911,
      "m_hat": 0.9800127183444168
    }
  },
  "criticality": {
    "H_full_vs_prox_m": {
      "rho": -0.16688675470188077,
      "lo": -0.3320213085234094,
      "hi": 0.04921118447378947,
      "p": 0.21875,
      "frac_pos": 0.14285714285714285,
      "n": 7
    },
    "H_aval_vs_prox_m": {
      "rho": -0.04443777511004402,
      "lo": -0.21428571428571427,
      "hi": 0.13115896358543405,
      "p": 0.8125,
      "frac_pos": 0.42857142857142855,
      "n": 7
    },
    "R_full_vs_prox_m": {
      "rho": -0.09939975990396158,
      "lo": -0.34813925570228094,
      "hi": 0.13756352541016384,
      "p": 0.6001794871405538,
      "frac_pos": 0.2857142857142857,
      "n": 7
    },
    "R_aval_vs_prox_m": {
      "rho": -0.013845538215286116,
      "lo": -0.19151660664265704,
      "hi": 0.17047318927571029,
      "p": 0.916511907863894,
      "frac_pos": 0.2857142857142857,
      "n": 7
    }
  },
  "within_state": {
    "H_full": {
      "rho": -0.13571428571428573,
      "lo": -0.3214880952380953,
      "hi": 0.07386904761904728,
      "p": 0.232421875,
      "frac_pos": 0.3,
      "n": 10
    },
    "H_aval": {
      "rho": 0.019047619047619056,
      "lo": -0.21196428571428577,
      "hi": 0.2285714285714286,
      "p": 0.845703125,
      "frac_pos": 0.6,
      "n": 10
    },
    "R_full": {
      "rho": -0.0904761904761905,
      "lo": -0.3214285714285715,
      "hi": 0.11904761904761904,
      "p": 0.5754030229127536,
      "frac_pos": 0.3,
      "n": 10
    },
    "R_aval": {
      "rho": 0.08571428571428573,
      "lo": -0.13339285714285717,
      "hi": 0.3095238095238096,
      "p": 0.5146697234497355,
      "frac_pos": 0.5,
      "n": 10
    }
  }
}