{
  "dataset": "propofol (Chennu sedation)",
  "n_subjects": 10,
  "n_windows": 160,
  "primary": {
    "H_max_vs_prox_m": {
      "mean_rho": 0.06647058823529413,
      "lo": -0.10588970588235294,
      "hi": 0.24149999999999988,
      "wilcoxon_p": 0.625,
      "frac_pos": 0.5,
      "n": 10
    },
    "H_max_vs_prox_dfa": {
      "mean_rho": -0.185,
      "lo": -0.2776544117647059,
      "hi": -0.08176470588235293,
      "wilcoxon_p": 0.01953125,
      "frac_pos": 0.2,
      "n": 10
    },
    "H_avg_vs_prox_m": {
      "mean_rho": 0.006764705882352967,
      "lo": -0.20705882352941174,
      "hi": 0.23917647058823502,
      "wilcoxon_p": 1.0,
      "frac_pos": 0.4,
      "n": 10
    },
    "H_avg_vs_prox_dfa": {
      "mean_rho": -0.13999999999999999,
      "lo": -0.3594264705882353,
      "hi": 0.057360294117647016,
      "wilcoxon_p": 0.431640625,
      "frac_pos": 0.4,
      "n": 10
    },
    "R_max_vs_prox_m": {
      "mean_rho": -0.1411764705882353,
      "lo": -0.2782794117647059,
      "hi": 0.008529411764705879,
      "wilcoxon_p": 0.064453125,
      "frac_pos": 0.2,
      "n": 10
    },
    "R_max_vs_prox_dfa": {
      "mean_rho": -0.2917647058823529,
      "lo": -0.4470735294117647,
      "hi": -0.11292647058823538,
      "wilcoxon_p": 0.01953125,
      "frac_pos": 0.2,
      "n": 10
    }
  },
  "by_state": {
    "baseline": {
      "m_hat": 0.9035151293786707,
      "dfa": 1.201370003543043,
      "H_max": 0.4648457349814212,
      "H_avg": 0.06883287098717453,
      "R_max": 0.0024294934274966024,
      "lzc": 0.3979287076821785,
      "exp_1f": 1.6882193326979944,
      "rel_alpha": 0.29998464432964933,
      "rel_slow": 0.4534039589594624,
      "n_windows": 40
    },
    "mild sedation": {
      "m_hat": 0.9083395901956738,
      "dfa": 1.185752469975504,
      "H_max": 0.49104291658071253,
      "H_avg": 0.06790706466055677,
      "R_max": 0.0025672200286901564,
      "lzc": 0.43404085161296424,
      "exp_1f": 1.5233167483038952,
      "rel_alpha": 0.3090979146778986,
      "rel_slow": 0.3797796960318238,
      "n_windows": 40
    },
    "moderate sedation": {
      "m_hat": 0.9195984673878723,
      "dfa": 1.1435521841279737,
      "H_max": 0.4736667587372402,
      "H_avg": 0.06686829071962283,
      "R_max": 0.0016915846560701497,
      "lzc": 0.4503548215778938,
      "exp_1f": 1.6023796096531586,
      "rel_alpha": 0.2623267800205885,
      "rel_slow": 0.33636712713316025,
      "n_windows": 40
    },
    "recovery": {
      "m_hat": 0.8961434122994234,
      "dfa": 1.2160394809030748,
      "H_max": 0.5089088670402141,
      "H_avg": 0.06832423098282323,
      "R_max": 0.003810931077439196,
      "lzc": 0.4350535020368788,
      "exp_1f": 1.4238432636355902,
      "rel_alpha": 0.3782281441082019,
      "rel_slow": 0.3418992827828357,
      "n_windows": 40
    }
  },
  "pooled_direction": {
    "H_max_vs_m_hat": {
      "rho": 0.029634946677604593,
      "p": 0.7098941111210334,
      "n": 160
    },
    "H_max_vs_dfa": {
      "rho": 0.36430036329544124,
      "p": 2.182876588062895e-06,
      "n": 160
    }
  },
  "states": [
    "baseline",
    "mild sedation",
    "moderate sedation",
    "recovery"
  ],
  "state_decoding": {
    "chance": 0.25,
    "resonance": 0.36875,
    "band_power": 0.38125,
    "criticality": 0.39375,
    "resonance_plus_power": 0.4375,
    "all": 0.35625
  },
  "quick": false,
  "contrast": {
    "H_max": {
      "mean_diff": 0.008821023755818929,
      "lo": -0.02725501063084426,
      "hi": 0.04416595418244486,
      "wilcoxon_p": 0.556640625,
      "frac_neg": 0.3,
      "n": 10
    },
    "H_avg": {
      "mean_diff": -0.0019645802675516944,
      "lo": -0.003068923615632876,
      "hi": -0.001164743320538604,
      "wilcoxon_p": 0.001953125,
      "frac_neg": 1.0,
      "n": 10
    },
    "R_max": {
      "mean_diff": -0.0007379087714264523,
      "lo": -0.0022130428843608226,
      "hi": 0.0002787871625100346,
      "wilcoxon_p": 1.0,
      "frac_neg": 0.4,
      "n": 10
    },
    "m_hat": {
      "mean_diff": 0.016083338009201188,
      "lo": -0.005245275047392145,
      "hi": 0.03509804513319592,
      "wilcoxon_p": 0.232421875,
      "frac_neg": 0.3,
      "n": 10
    },
    "dfa": {
      "mean_diff": -0.05781781941506929,
      "lo": -0.10193119197382006,
      "hi": -0.01600121999625271,
      "wilcoxon_p": 0.048828125,
      "frac_neg": 0.7,
      "n": 10
    },
    "rel_alpha": {
      "mean_diff": -0.03765786430906086,
      "lo": -0.12249896444695692,
      "hi": 0.03529944382773685,
      "wilcoxon_p": 0.4921875,
      "frac_neg": 0.5,
      "n": 10
    },
    "rel_slow": {
      "mean_diff": -0.11703683182630202,
      "lo": -0.1866575817139319,
      "hi": -0.04563176998531586,
      "wilcoxon_p": 0.01953125,
      "frac_neg": 0.8,
      "n": 10
    },
    "alpha_slow": {
      "mean_diff": 0.2095845351200801,
      "lo": -0.15119527390914264,
      "hi": 0.5856722958976288,
      "wilcoxon_p": 0.375,
      "frac_neg": 0.4,
      "n": 10
    },
    "rel_beta": {
      "mean_diff": 0.20823676932896223,
      "lo": 0.13406216463190437,
      "hi": 0.2859402623747667,
      "wilcoxon_p": 0.001953125,
      "frac_neg": 0.0,
      "n": 10
    }
  },
  "decoding": {
    "auc_band_power": 0.764375,
    "auc_resonance": 0.7725,
    "auc_criticality": 0.713125,
    "auc_all": 0.83875
  }
}