{
  "quick": false,
  "N": 600,
  "T": 20000,
  "rows": [
    {
      "sigma": 0.7,
      "susceptibility": 0.770126378625,
      "susceptibility_sem": 0.008616948951104651,
      "susceptibility_ci": [
        0.753926815915625,
        0.7869523896093751
      ],
      "powerlaw_r2": 0.9959428180219996,
      "powerlaw_r2_sem": 0.0003417538768640094,
      "powerlaw_r2_ci": [
        0.9952755577521243,
        0.9965785414113354
      ],
      "powerlaw_slope": -2.0423252030267074,
      "powerlaw_slope_sem": 0.004364473110614827,
      "powerlaw_slope_ci": [
        -2.050800889298719,
        -2.0340832885788314
      ],
      "branching_est": 0.5530614184226076,
      "branching_est_sem": 0.0035806702417332183,
      "branching_est_ci": [
        0.5461980446805831,
        0.5594954685776361
      ],
      "activity_flatness": 0.7733558685412186,
      "activity_flatness_sem": 0.0009845367873139018,
      "activity_flatness_ci": [
        0.7715213069066431,
        0.7752174107290689
      ],
      "R_max": 2.990438989456226e-05,
      "R_max_sem": 1.941505501947012e-06,
      "R_max_ci": [
        2.642241554841007e-05,
        3.3679679630004876e-05
      ],
      "R_avg": 8.768674323204764e-06,
      "R_avg_sem": 9.501545656273876e-08,
      "R_avg_ci": [
        8.579648487869564e-06,
        8.948793882501509e-06
      ],
      "H_max": 0.30694157303865083,
      "H_max_sem": 0.005896165389097339,
      "H_max_ci": [
        0.2949502854841855,
        0.31836878053128415
      ],
      "R_flatness": 0.8380114778420955,
      "R_flatness_sem": 0.010603444689633375,
      "R_flatness_ci": [
        0.8171018912693891,
        0.856953824180932
      ]
    },
    {
      "sigma": 0.85,
      "susceptibility": 3.0368849493749996,
      "susceptibility_sem": 0.04591238794068217,
      "susceptibility_ci": [
        2.9512385776125,
        3.120060364903125
      ],
      "powerlaw_r2": 0.9974615941471601,
      "powerlaw_r2_sem": 0.00026307674771104943,
      "powerlaw_r2_ci": [
        0.9969654687581093,
        0.9979534242989317
      ],
      "powerlaw_slope": -1.7858059797208559,
      "powerlaw_slope_sem": 0.005844690949504925,
      "powerlaw_slope_ci": [
        -1.7971157427998528,
        -1.7745885912494768
      ],
      "branching_est": 0.7678713610749444,
      "branching_est_sem": 0.0029773423087762615,
      "branching_est_ci": [
        0.762373329917433,
        0.7732410835179181
      ],
      "activity_flatness": 0.6855535080820122,
      "activity_flatness_sem": 0.0016219940185337584,
      "activity_flatness_ci": [
        0.6825640458539523,
        0.6886428298358498
      ],
      "R_max": 1.9727014332360063e-05,
      "R_max_sem": 1.0898048556463057e-06,
      "R_max_ci": [
        1.7795860308034852e-05,
        2.1977822641053222e-05
      ],
      "R_avg": 8.328726840471386e-06,
      "R_avg_sem": 6.230433399738029e-08,
      "R_avg_ci": [
        8.205521809741345e-06,
        8.442073097627513e-06
      ],
      "H_max": 0.37086284814109804,
      "H_max_sem": 0.008115782888042633,
      "H_max_ci": [
        0.3559335823286242,
        0.3873262415965132
      ],
      "R_flatness": 0.9211352667283788,
      "R_flatness_sem": 0.0041359880074054375,
      "R_flatness_ci": [
        0.9131171811720764,
        0.9286394648126384
      ]
    },
    {
      "sigma": 0.92,
      "susceptibility": 8.764198814,
      "susceptibility_sem": 0.18065261298481652,
      "susceptibility_ci": [
        8.439933833959374,
        9.120294635478125
      ],
      "powerlaw_r2": 0.9980548319044937,
      "powerlaw_r2_sem": 0.00017306225562371716,
      "powerlaw_r2_ci": [
        0.9977276742253599,
        0.9983696738316018
      ],
      "powerlaw_slope": -1.663996509388666,
      "powerlaw_slope_sem": 0.004687469288923198,
      "powerlaw_slope_ci": [
        -1.672868091196467,
        -1.654529138939112
      ],
      "branching_est": 0.8679447567670249,
      "branching_est_sem": 0.00216372108095718,
      "branching_est_ci": [
        0.8641314516510139,
        0.8720388474740787
      ],
      "activity_flatness": 0.6142290296974584,
      "activity_flatness_sem": 0.001918293072512887,
      "activity_flatness_ci": [
        0.6105428309405647,
        0.6177122105345333
      ],
      "R_max": 1.9106525508654505e-05,
      "R_max_sem": 1.2392546283862126e-06,
      "R_max_ci": [
        1.6978005940232758e-05,
        2.16046560795531e-05
      ],
      "R_avg": 8.587611896809986e-06,
      "R_avg_sem": 6.959741997020035e-08,
      "R_avg_ci": [
        8.452000868926335e-06,
        8.718942801838793e-06
      ],
      "H_max": 0.44687830632461356,
      "H_max_sem": 0.015165181856693674,
      "H_max_ci": [
        0.4219353737504805,
        0.4803171155937163
      ],
      "R_flatness": 0.9111803102282809,
      "R_flatness_sem": 0.0051700635995161354,
      "R_flatness_ci": [
        0.9000932865527664,
        0.9193056136885005
      ]
    },
    {
      "sigma": 0.97,
      "susceptibility": 31.15761995775,
      "susceptibility_sem": 1.0044627019585655,
      "susceptibility_ci": [
        29.36404150521875,
        33.083719966656254
      ],
      "powerlaw_r2": 0.9978253824006369,
      "powerlaw_r2_sem": 0.00022749945294246713,
      "powerlaw_r2_ci": [
        0.9973766022637818,
        0.9982282118111452
      ],
      "powerlaw_slope": -1.580023008767032,
      "powerlaw_slope_sem": 0.003598010968090288,
      "powerlaw_slope_ci": [
        -1.5873072058022166,
        -1.5731867502698287
      ],
      "branching_est": 0.9328764262933431,
      "branching_est_sem": 0.0014682678366215224,
      "branching_est_ci": [
        0.9301451009358503,
        0.935693177138159
      ],
      "activity_flatness": 0.541374650032045,
      "activity_flatness_sem": 0.002139992018986995,
      "activity_flatness_ci": [
        0.53729672447789,
        0.5452851372494913
      ],
      "R_max": 2.0955125894951553e-05,
      "R_max_sem": 2.1215011853752846e-06,
      "R_max_ci": [
        1.746064067733726e-05,
        2.5635883111863087e-05
      ],
      "R_avg": 8.983637078552597e-06,
      "R_avg_sem": 7.762014393266863e-08,
      "R_avg_ci": [
        8.838239678826825e-06,
        9.128170033406552e-06
      ],
      "H_max": 0.5162287199080625,
      "H_max_sem": 0.018404433461126815,
      "H_max_ci": [
        0.48444135039874847,
        0.5554716400721444
      ],
      "R_flatness": 0.8764279880367564,
      "R_flatness_sem": 0.005878160946888567,
      "R_flatness_ci": [
        0.8639786732526105,
        0.8864142754678241
      ]
    },
    {
      "sigma": 1.0,
      "susceptibility": 98.20849679049999,
      "susceptibility_sem": 3.2806096093764276,
      "susceptibility_ci": [
        92.36605512481248,
        104.46804082514686
      ],
      "powerlaw_r2": 0.9967759018676882,
      "powerlaw_r2_sem": 0.00020048156266966067,
      "powerlaw_r2_ci": [
        0.9963740420494661,
        0.9971429052293794
      ],
      "powerlaw_slope": -1.5092454808048814,
      "powerlaw_slope_sem": 0.0037733945240847142,
      "powerlaw_slope_ci": [
        -1.5167848766459369,
        -1.5029300791268185
      ],
      "branching_est": 0.9611774548818166,
      "branching_est_sem": 0.0007436816859072679,
      "branching_est_ci": [
        0.959829098098844,
        0.9625728666065966
      ],
      "activity_flatness": 0.49120646134911505,
      "activity_flatness_sem": 0.0019088561246628306,
      "activity_flatness_ci": [
        0.4875367079610484,
        0.4946257283373307
      ],
      "R_max": 2.0171853871294448e-05,
      "R_max_sem": 1.8223496867974677e-06,
      "R_max_ci": [
        1.7132630436416394e-05,
        2.3901767886176154e-05
      ],
      "R_avg": 9.050249386286319e-06,
      "R_avg_sem": 1.0323181082039133e-07,
      "R_avg_ci": [
        8.850902478145756e-06,
        9.24465706256686e-06
      ],
      "H_max": 0.527862767608737,
      "H_max_sem": 0.02288211736410197,