{
  "dataset": "deep GA / LOC (ds004541)",
  "n_subjects": 7,
  "n_windows": 80,
  "primary": {
    "H_max_vs_prox_m": {
      "mean_rho": -0.16688675470188077,
      "lo": -0.3320213085234094,
      "hi": 0.04921118447378947,
      "wilcoxon_p": 0.21875,
      "frac_pos": 0.14285714285714285,
      "n": 7
    },
    "H_max_vs_prox_dfa": {
      "mean_rho": 0.16826730692276914,
      "lo": 0.10199979991996799,
      "hi": 0.2415916366546618,
      "wilcoxon_p": 0.015625,
      "frac_pos": 1.0,
      "n": 7
    },
    "H_avg_vs_prox_m": {
      "mean_rho": 0.18237294917967187,
      "lo": -0.048570428171268526,
      "hi": 0.3946193477390957,
      "wilcoxon_p": 0.21875,
      "frac_pos": 0.7142857142857143,
      "n": 7
    },
    "H_avg_vs_prox_dfa": {
      "mean_rho": -0.07318927571028411,
      "lo": -0.3359343737494998,
      "hi": 0.19627701080432147,
      "wilcoxon_p": 0.6875,
      "frac_pos": 0.42857142857142855,
      "n": 7
    },
    "R_max_vs_prox_m": {
      "mean_rho": -0.09939975990396158,
      "lo": -0.34813925570228094,
      "hi": 0.13756352541016384,
      "wilcoxon_p": 0.6001794871405538,
      "frac_pos": 0.2857142857142857,
      "n": 7
    },
    "R_max_vs_prox_dfa": {
      "mean_rho": 0.1394157663065226,
      "lo": 0.004401760704281697,
      "hi": 0.26571378551420566,
      "wilcoxon_p": 0.109375,
      "frac_pos": 0.8571428571428571,
      "n": 7
    }
  },
  "by_state": {
    "unconscious": {
      "m_hat": 0.9808341497022826,
      "dfa": 1.0795647624945506,
      "H_max": 0.44987261924529104,
      "H_avg": 0.06833021710600362,
      "R_max": 0.0012305434877674544,
      "lzc": 0.31969058195957756,
      "exp_1f": 2.114837200663492,
      "rel_alpha": 0.0922261508771357,
      "rel_slow": 0.785841172130965,
      "n_windows": 56
    },
    "wake": {
      "m_hat": 0.9800127183444168,
      "dfa": 1.1180221045638916,
      "H_max": 0.42895206094489224,
      "H_avg": 0.06934497798373136,
      "R_max": 0.0013350198717473607,
      "lzc": 0.29457864953441476,
      "exp_1f": 1.4518558700608934,
      "rel_alpha": 0.09892391717901768,
      "rel_slow": 0.7045413231288254,
      "n_windows": 24
    }
  },
  "pooled_direction": {
    "H_max_vs_m_hat": {
      "rho": -0.1717768401312705,
      "p": 0.1276118858011076,
      "n": 80
    },
    "H_max_vs_dfa": {
      "rho": -0.10375058602906705,
      "p": 0.3597490875340472,
      "n": 80
    }
  },
  "states": [
    "unconscious",
    "wake"
  ],
  "state_decoding": {
    "chance": 0.5,
    "resonance": 0.6375,
    "band_power": 0.6625,
    "criticality": 0.7375,
    "resonance_plus_power": 0.675,
    "all": 0.825
  },
  "quick": false,
  "contrast": {
    "H_max": {
      "mean_diff": 0.014160573487482583,
      "lo": -0.010001054897456063,
      "hi": 0.028610981633365284,
      "wilcoxon_p": 0.5,
      "frac_neg": 0.3333333333333333,
      "n": 3
    },
    "H_avg": {
      "mean_diff": -0.0013501023124013374,
      "lo": -0.0025701969559567966,
      "hi": 0.0004940061815405655,
      "wilcoxon_p": 0.5,
      "frac_neg": 0.6666666666666666,
      "n": 3
    },
    "R_max": {
      "mean_diff": -0.0001925938762923199,
      "lo": -0.0005687522901321412,
      "hi": 9.526865152182382e-05,
      "wilcoxon_p": 0.5,
      "frac_neg": 0.6666666666666666,
      "n": 3
    },
    "m_hat": {
      "mean_diff": 0.0040533063925127415,
      "lo": -0.022771876464159013,
      "hi": 0.027871094144755193,
      "wilcoxon_p": 0.75,
      "frac_neg": 0.3333333333333333,
      "n": 3
    },
    "dfa": {
      "mean_diff": -0.009971065664959422,
      "lo": -0.037281659492069075,
      "hi": 0.02513971119714631,
      "wilcoxon_p": 0.75,
      "frac_neg": 0.6666666666666666,
      "n": 3
    },
    "rel_alpha": {
      "mean_diff": 0.014818586173581264,
      "lo": -0.04103697546519386,
      "hi": 0.06667619084891653,
      "wilcoxon_p": 0.75,
      "frac_neg": 0.3333333333333333,
      "n": 3
    },
    "rel_slow": {
      "mean_diff": 0.06194154195462339,
      "lo": -0.026931156956572,
      "hi": 0.16906298703465716,
      "wilcoxon_p": 0.5,
      "frac_neg": 0.3333333333333333,
      "n": 3
    },
    "alpha_slow": {
      "mean_diff": -0.007959258720449364,
      "lo": -0.17086972843679063,
      "hi": 0.12485956712105889,
      "wilcoxon_p": 1.0,
      "frac_neg": 0.3333333333333333,
      "n": 3
    },
    "rel_beta": {
      "mean_diff": -0.009945640593373425,
      "lo": -0.042019147247806844,
      "hi": 0.025109735274658346,
      "wilcoxon_p": 0.75,
      "frac_neg": 0.6666666666666666,
      "n": 3
    }
  },
  "decoding": {
    "auc_band_power": 0.5617559523809524,
    "auc_resonance": 0.47098214285714285,
    "auc_criticality": 0.4099702380952381,
    "auc_all": 0.42708333333333337
  }
}