{
  "quick": true,
  "subjects": [
    1,
    2,
    3,
    4,
    5,
    6
  ],
  "pc_subjects": [],
  "n_pc_surr": 25,
  "contrast_left_vs_right": {
    "pos": "LEFT",
    "neg": "RIGHT",
    "n_epochs": 270,
    "n_subjects": 6,
    "n_pos": 135,
    "single_feature_auc": {
      "bp_mu_lat": {
        "auc": 0.5526474622770918,
        "lo": 0.4817503429355281,
        "hi": 0.624320987654321
      },
      "bp_beta_lat": {
        "auc": 0.5236213991769547,
        "lo": 0.45552537722908104,
        "hi": 0.5938930041152264
      },
      "H_lat": {
        "auc": 0.5920987654320988,
        "lo": 0.52279561042524,
        "hi": 0.658437585733882
      }
    },
    "loso_auc": {
      "band_power": 0.5312482853223593,
      "H": 0.5841975308641975,
      "band_plus_H": 0.5813991769547325
    }
  },
  "contrast_move_vs_rest": {
    "pos": "MOVE",
    "neg": "REST",
    "n_epochs": 540,
    "n_subjects": 6,
    "n_pos": 270,
    "single_feature_auc": {
      "bp_mu_mean": {
        "auc": 0.5234019204389575,
        "lo": 0.4756354595336077,
        "hi": 0.5694732510288065
      },
      "bp_beta_mean": {
        "auc": 0.5205761316872428,
        "lo": 0.47039986282578883,
        "hi": 0.5694578189300412
      },
      "H_mean": {
        "auc": 0.5151577503429355,
        "lo": 0.4664128943758574,
        "hi": 0.5636131687242798
      }
    },
    "loso_auc": {
      "band_power": 0.4306584362139918,
      "H": 0.4515912208504801,
      "band_plus_H": 0.41366255144032926
    }
  }
}