{
  "dataset": "sleep",
  "quick": false,
  "n_subjects": 8,
  "n_windows": 600,
  "states": [
    "N1",
    "N2",
    "N3",
    "REM",
    "Wake"
  ],
  "by_state": {
    "N1": {
      "H_full": 0.40876090971065887,
      "H_aval": 0.41077643716690626,
      "R_full": 0.0010543663256704348,
      "R_aval": 0.001191985003792757,
      "m_hat": 0.8754109947125407
    },
    "N2": {
      "H_full": 0.4398762192232187,
      "H_aval": 0.40910398869613723,
      "R_full": 0.0013292428377975516,
      "R_aval": 0.001269541542914045,
      "m_hat": 0.8670082161358896
    },
    "N3": {
      "H_full": 0.5314755680265361,
      "H_aval": 0.44384689534738025,
      "R_full": 0.0019440186402678967,
      "R_aval": 0.0015935132751834528,
      "m_hat": 0.7748375179888627
    },
    "REM": {
      "H_full": 0.4083559870044581,
      "H_aval": 0.3830675591637091,
      "R_full": 0.0010089602058773153,
      "R_aval": 0.0010861541988452703,
      "m_hat": 0.841999765187305
    },
    "Wake": {
      "H_full": 0.4361212719073126,
      "H_aval": 0.44723470768313356,
      "R_full": 0.001375362650691246,
      "R_aval": 0.0013313035036559451,
      "m_hat": 0.8562271546680196
    }
  },
  "criticality": {
    "H_full_vs_prox_m": {
      "rho": -0.24322603126570036,
      "lo": -0.3045877150475355,
      "hi": -0.18200086672744695,
      "p": 0.0078125,
      "frac_pos": 0.0,
      "n": 8
    },
    "H_aval_vs_prox_m": {
      "rho": 0.07317073274686473,
      "lo": -0.01845640503517216,
      "hi": 0.1590475386994799,
      "p": 0.3125,
      "frac_pos": 0.625,
      "n": 8
    },
    "R_full_vs_prox_m": {
      "rho": -0.22311270150505447,
      "lo": -0.2992114361829602,
      "hi": -0.15541314578495088,
      "p": 0.0078125,
      "frac_pos": 0.0,
      "n": 8
    },
    "R_aval_vs_prox_m": {
      "rho": -0.06407516265189882,
      "lo": -0.15686387235389376,
      "hi": 0.020541353648107004,
      "p": 0.25,
      "frac_pos": 0.25,
      "n": 8
    }
  },
  "criticality_p_bh": {
    "H_aval_vs_prox_m": 0.3125,
    "R_aval_vs_prox_m": 0.3125,
    "R_full_vs_prox_m": 0.015625,
    "H_full_vs_prox_m": 0.015625
  },
  "paired_dissociation": {
    "across": {
      "rho_a": -0.24322603126570036,
      "rho_b": 0.07317073274686473,
      "diff": 0.3163967640125651,
      "p": 0.015625,
      "frac_b_gt_a": 0.875,
      "n": 8
    }
  },
  "partial": {
    "H_aval_vs_prox_m|slow_gfp": {
      "rho": 0.16077763810331958,
      "lo": 0.059901176494002166,
      "hi": 0.2537325965249124,
      "p": 0.0234375,
      "frac_pos": 0.875,
      "n": 8
    },
    "H_full_vs_prox_m|slow_raw": {
      "rho": -0.07467364052376503,
      "lo": -0.16190143236941631,
      "hi": 0.0053762083772166055,
      "p": 0.25,
      "frac_pos": 0.25,
      "n": 8
    }
  },
  "within_state": {
    "H_full": {
      "rho": -0.08225961538461538,
      "lo": -0.1501993475274725,
      "hi": -0.013953296703296751,
      "p": 0.029894433579102042,
      "frac_pos": 0.35,
      "n": 40
    },
    "H_aval": {
      "rho": 0.11107142857142853,
      "lo": 0.0184220467032967,
      "hi": 0.2021782280219779,
      "p": 0.030533207474821203,
      "frac_pos": 0.55,
      "n": 40
    },
    "R_full": {
      "rho": -0.08010989010989009,
      "lo": -0.1600223214285714,
      "hi": -0.0013016826923077111,
      "p": 0.04080139504367253,
      "frac_pos": 0.35,
      "n": 40
    },
    "R_aval": {
      "rho": 0.0041277472527472495,
      "lo": -0.0749593063186813,
      "hi": 0.09128073489010978,
      "p": 0.7962728187349641,
      "frac_pos": 0.45,
      "n": 40
    }
  }
}