{
  "dataset": "propofol",
  "quick": false,
  "n_subjects": 10,
  "n_windows": 160,
  "states": [
    "baseline",
    "mild sedation",
    "moderate sedation",
    "recovery"
  ],
  "by_state": {
    "baseline": {
      "H_full": 0.459060818508606,
      "H_aval": 0.49938728747737304,
      "R_full": 0.002305785016103173,
      "R_aval": 0.0013507955282531874,
      "m_hat": 0.9035151293786707
    },
    "mild sedation": {
      "H_full": 0.48309318721627525,
      "H_aval": 0.5362684504126911,
      "R_full": 0.0023035031539715796,
      "R_aval": 0.0014446384012459152,
      "m_hat": 0.9083395901956738
    },
    "moderate sedation": {
      "H_full": 0.47200274233933426,
      "H_aval": 0.5249310437808806,
      "R_full": 0.0016591934801726226,
      "R_aval": 0.001423626832249543,
      "m_hat": 0.9195984673878723
    },
    "recovery": {
      "H_full": 0.49821611690404843,
      "H_aval": 0.5269081206049642,
      "R_full": 0.003489732149725342,
      "R_aval": 0.0015363244889500226,
      "m_hat": 0.8961434122994234
    }
  },
  "criticality": {
    "H_full_vs_prox_m": {
      "rho": 0.029117647058823526,
      "lo": -0.15500735294117643,
      "hi": 0.20472794117647045,
      "p": 0.845703125,
      "frac_pos": 0.5,
      "n": 10
    },
    "H_aval_vs_prox_m": {
      "rho": -0.02823529411764706,
      "lo": -0.20647794117647056,
      "hi": 0.16001470588235286,
      "p": 0.6953125,
      "frac_pos": 0.4,
      "n": 10
    },
    "R_full_vs_prox_m": {
      "rho": -0.13705882352941173,
      "lo": -0.26735294117647057,
      "hi": 0.001213235294117431,
      "p": 0.083984375,
      "frac_pos": 0.2,
      "n": 10
    },
    "R_aval_vs_prox_m": {
      "rho": -0.08529411764705881,
      "lo": -0.2455882352941176,
      "hi": 0.06856617647058803,
      "p": 0.431640625,
      "frac_pos": 0.3,
      "n": 10
    }
  },
  "criticality_p_bh": {
    "H_full_vs_prox_m": 0.845703125,
    "H_aval_vs_prox_m": 0.845703125,
    "R_aval_vs_prox_m": 0.845703125,
    "R_full_vs_prox_m": 0.3359375
  },
  "paired_dissociation": {
    "across": {
      "rho_a": 0.029117647058823526,
      "rho_b": -0.02823529411764706,
      "diff": -0.057352941176470586,
      "p": 0.4921875,
      "frac_b_gt_a": 0.3,
      "n": 10
    }
  },
  "partial": {
    "H_aval_vs_prox_m|slow_gfp": {
      "rho": 0.06777173019788452,
      "lo": -0.10683092533231858,
      "hi": 0.25487051955037765,
      "p": 0.556640625,
      "frac_pos": 0.4,
      "n": 10
    },
    "H_full_vs_prox_m|slow_raw": {
      "rho": 0.05549466962570162,
      "lo": -0.10412496388203207,
      "hi": 0.22132347161000293,
      "p": 0.556640625,
      "frac_pos": 0.4,
      "n": 10
    }
  },
  "within_state": {
    "H_full": {
      "rho": NaN,
      "n": 0
    },
    "H_aval": {
      "rho": NaN,
      "n": 0
    },
    "R_full": {
      "rho": NaN,
      "n": 0
    },
    "R_aval": {
      "rho": NaN,
      "n": 0
    }
  }
}