{
  "quick": false,
  "sigmas": [
    0.7,
    0.85,
    0.92,
    0.97,
    1.0,
    1.03,
    1.08,
    1.15,
    1.3,
    1.5
  ],
  "summary": {
    "n_seeds": 16,
    "tilts": [
      -0.5,
      -0.25,
      0.0,
      0.25,
      0.5
    ],
    "tracks": {
      "tilt-0.50": {
        "rho": 0.15091743974647828,
        "lo": -0.012576453312206519,
        "hi": 0.31251533719218644,
        "n": 16,
        "peak_sigma": 0.97
      },
      "tilt-0.25": {
        "rho": 0.49467383028012324,
        "lo": 0.37194860670850793,
        "hi": 0.6185518954053574,
        "n": 16,
        "peak_sigma": 0.97
      },
      "tilt+0.00": {
        "rho": 0.7629715009405291,
        "lo": 0.7107601644625808,
        "hi": 0.8148017327726529,
        "n": 16,
        "peak_sigma": 1.0
      },
      "tilt+0.25": {
        "rho": 0.8494822555426771,
        "lo": 0.820899407105844,
        "hi": 0.8769217900420366,
        "n": 16,
        "peak_sigma": 1.03
      },
      "tilt+0.50": {
        "rho": 0.8731107435837923,
        "lo": 0.8483389416052037,
        "hi": 0.8952148130416098,
        "n": 16,
        "peak_sigma": 1.03
      },
      "no_removal": {
        "rho": 0.8902604526458919,
        "lo": 0.87463516216709,
        "hi": 0.9062668477705185,
        "n": 16,
        "peak_sigma": 1.03
      }
    },
    "rho_min_over_tilts": 0.15091743974647828,
    "rho_max_over_tilts": 0.8731107435837923,
    "rho_range_over_tilts": 0.722193303837314,
    "all_peak_at_critical": true
  }
}