{
  "dataset": "sleep",
  "quick": false,
  "n_subjects": 8,
  "n_windows": 600,
  "states": [
    "N1",
    "N2",
    "N3",
    "REM",
    "Wake"
  ],
  "by_state": {
    "N1": {
      "H_full": 0.40876090971065887,
      "H_aval": 0.41077643716690626,
      "R_full": 0.0010550760375189895,
      "R_aval": 0.0011911466024343296,
      "m_hat": 0.8754109947125407
    },
    "N2": {
      "H_full": 0.4398762192232187,
      "H_aval": 0.40910398869613723,
      "R_full": 0.0013234862779652288,
      "R_aval": 0.0012695072140405438,
      "m_hat": 0.8670082161358896
    },
    "N3": {
      "H_full": 0.5314755680265361,
      "H_aval": 0.44384689534738025,
      "R_full": 0.0019476645648079179,
      "R_aval": 0.0016005605548913614,
      "m_hat": 0.7748375179888627
    },
    "REM": {
      "H_full": 0.4083559870044581,
      "H_aval": 0.3830675591637091,
      "R_full": 0.0010137607114317955,
      "R_aval": 0.0010973442768258117,
      "m_hat": 0.841999765187305
    },
    "Wake": {
      "H_full": 0.4361212719073126,
      "H_aval": 0.44723470768313356,
      "R_full": 0.001374521521900918,
      "R_aval": 0.001329939550367467,
      "m_hat": 0.8562271546680196
    }
  },
  "criticality": {
    "H_full_vs_prox_m": {
      "rho": -0.24322603126570036,
      "lo": -0.3045877150475355,
      "hi": -0.18200086672744695,
      "p": 0.0078125,
      "frac_pos": 0.0,
      "n": 8
    },
    "H_aval_vs_prox_m": {
      "rho": 0.07317073274686473,
      "lo": -0.01845640503517216,
      "hi": 0.1590475386994799,
      "p": 0.3125,
      "frac_pos": 0.625,
      "n": 8
    },
    "R_full_vs_prox_m": {
      "rho": -0.21569438747425734,
      "lo": -0.2962164756230635,
      "hi": -0.14501315829987751,
      "p": 0.0078125,
      "frac_pos": 0.0,
      "n": 8
    },
    "R_aval_vs_prox_m": {
      "rho": -0.06621676168588136,
      "lo": -0.15786809588066797,
      "hi": 0.015697685205133642,
      "p": 0.25,
      "frac_pos": 0.25,
      "n": 8
    }
  },
  "within_state": {
    "H_full": {
      "rho": -0.08225961538461538,
      "lo": -0.1501993475274725,
      "hi": -0.013953296703296751,
      "p": 0.029894433579102042,
      "frac_pos": 0.35,
      "n": 40
    },
    "H_aval": {
      "rho": 0.11107142857142853,
      "lo": 0.0184220467032967,
      "hi": 0.2021782280219779,
      "p": 0.030533207474821203,
      "frac_pos": 0.55,
      "n": 40
    },
    "R_full": {
      "rho": -0.06787087912087911,
      "lo": -0.15187791895604394,
      "hi": 0.013897836538461507,
      "p": 0.11814906760264421,
      "frac_pos": 0.375,
      "n": 40
    },
    "R_aval": {
      "rho": 0.00828296703296704,
      "lo": -0.0694373282967033,
      "hi": 0.09465573489010985,
      "p": 0.8575823361643415,
      "frac_pos": 0.425,
      "n": 40
    }
  }
}