{
  "quick": true,
  "n_elec": 8,
  "cluster": [
    0,
    1,
    2,
    3
  ],
  "per_factor": {
    "H": [
      0.75,
      0.75,
      0.7348484848484849,
      0.7348484848484849
    ],
    "PC": [
      0.7973484848484849,
      0.8068181818181818,
      0.7992424242424242,
      0.8011363636363636
    ],
    "R": [
      0.8068181818181818,
      0.8087121212121212,
      0.8068181818181818,
      0.803030303030303
    ]
  },
  "example": {
    "H": [
      [
        NaN,
        1.288724953540416,
        1.6667177963342883,
        1.0639109940576026,
        0.9110125658006442,
        0.9737752230856376,
        1.0762211852849304,
        1.2596679693501627
      ],
      [
        1.288724953540416,
        NaN,
        1.880999054928668,
        1.2886665544901272,
        1.2081839603252107,
        1.23513820755671,
        1.265286412084418,
        1.3596139948633827
      ],
      [
        1.6667177963342883,
        1.880999054928668,
        NaN,
        1.6666370651469546,
        1.5936924098515464,
        1.6222758202332697,
        1.6062527727495859,
        1.8977952653901322
      ],
      [
        1.0639109940576026,
        1.2886665544901272,
        1.6666370651469546,
        NaN,
        0.9109777668581228,
        0.9739219016889332,
        1.0760201059896957,
        1.2597039214938863
      ],
      [
        0.9110125658006442,
        1.2081839603252107,
        1.5936924098515464,
        0.9109777668581228,
        NaN,
        1.0033183748494794,
        1.032424397797266,
        1.3384601223937775
      ],
      [
        0.9737752230856376,
        1.23513820755671,
        1.6222758202332697,
        0.9739219016889332,
        1.0033183748494794,
        NaN,
        1.0800981745030989,
        1.2864660210056205
      ],
      [
        1.0762211852849304,
        1.265286412084418,
        1.6062527727495859,
        1.0760201059896957,
        1.032424397797266,
        1.0800981745030989,
        NaN,
        1.2902285564502278
      ],
      [
        1.2596679693501627,
        1.3596139948633827,
        1.8977952653901322,
        1.2597039214938863,
        1.3384601223937775,
        1.2864660210056205,
        1.2902285564502278,
        NaN
      ]
    ],
    "PC": [
      [
        NaN,
        1.7219406051932757,
        2.4094495142499968,
        0.5819337240638822,
        0.5590902633934368,
        0.6278944784230123,
        1.027025686543819,
        1.0346996449410055
      ],
      [
        1.7106920295945633,
        NaN,
        2.49873348564802,
        1.6793957596838671,
        0.634317976130589,
        0.6635760613985671,
        0.9112370243594067,
        0.956204426941267
      ],
      [
        2.4739127571559494,
        2.495659730315284,
        NaN,
        2.439544897524139,
        1.8284121423195225,
        1.9192939515060967,
        1.9375812192059192,
        1.7766271487617484
      ],
      [
        0.5551050995864661,
        1.6848873456095528,
        2.410156281506631,
        NaN,
        0.5627927606413655,
        0.7359377954173069,
        1.050021054146291,
        1.0340406053517177
      ],
      [
        0.4566979389644791,
        1.027585219573509,
        1.9102432661557611,
        0.476362535747284,
        NaN,
        0.7666655961394526,
        0.8989952392233457,
        1.1704832033786758
      ],
      [
        0.44198607892064934,
        0.857731592675144,
        1.9495269330259144,
        0.4325982138314646,
        0.5293785191110157,
        NaN,
        0.8610305623881254,
        0.972765630846142
      ],
      [
        0.8179212851107672,
        0.977728348725869,
        2.0854378973953462,
        0.8202647165329193,
        0.57519111993213,
        0.6864109776802096,
        NaN,
        0.960822906181948
      ],
      [
        0.744200766943158,
        0.8718673070451809,
        1.8917280491182853,
        0.7620512551981352,
        0.9879709853560518,
        0.6456292696153014,
        0.7360606032601598,
        NaN
      ]
    ],
    "R": [
      [
        NaN,
        2.9985741961093546,
        4.111114061521658,
        1.6546800075222463,
        1.477957347476643,
        1.5445561687494531,
        2.08939057022295,
        2.301690001360253
      ],
      [
        2.976111856126487,
        NaN,
        4.412718282136772,
        2.92344477756619,
        1.8570309090218082,
        1.7269647382317705,
        2.146266040613021,
        2.3101569273888813
      ],
      [
        4.156144851050375,
        4.386403220295501,
        NaN,
        4.151530052129041,
        3.424096577386398,
        3.5753237319220235,
        3.554167873020917,
        3.6805017684924555
      ],
      [
        1.6014842713471023,
        2.9458070950885205,
        4.116122502943989,
        NaN,
        1.4624518021332207,
        1.6778951324875686,
        2.100217770097971,
        2.3265326185815813
      ],
      [
        1.3754716378344911,
        2.2271001943215523,
        3.540337957196561,
        1.3834529909839854,
        NaN,
        1.7591592540108696,
        1.8837338760461664,
        2.5353050514081445
      ],
      [
        1.3178460494670783,
        2.105746296529689,
        3.600547436281564,
        1.346398947241316,
        1.5102056877754275,
        NaN,
        1.9687168848094916,
        2.251546278012808
      ],
      [
        1.8691567863633265,
        2.2563963172091754,
        3.7103389003700964,
        1.8833189310250813,
        1.4439813850461194,
        1.7138918994635004,
        NaN,
        2.3198931466814923
      ],
      [
        2.013607373630485,
        2.200388455309302,
        3.7885899477178677,
        2.060121942769294,
        2.3542109221552256,
        1.8843430864957842,
        1.9342396509053377,
        NaN
      ]
    ]
  },
  "summary": {
    "H": {
      "auc_mean": 0.7424242424242424,
      "ci": {
        "mean": 0.7424242424242424,
        "lo": 0.7348484848484849,
        "hi": 0.75,
        "sem": 0.004373865675678979,
        "n": 4
      }
    },
    "PC": {
      "auc_mean": 0.8011363636363636,
      "ci": {
        "mean": 0.8011363636363636,
        "lo": 0.7982954545454546,
        "hi": 0.8049242424242423,
        "sem": 0.0020456883517701477,
        "n": 4
      }
    },
    "R": {
      "auc_mean": 0.806344696969697,
      "ci": {
        "mean": 0.806344696969697,
        "lo": 0.8039772727272727,
        "hi": 0.8082386363636364,
        "sem": 0.001191577404556629,
        "n": 4
      }
    }
  }
}