{
  "quick": true,
  "rows": [
    {
      "g": 0.5,
      "order_param": 0.004148689202997428,
      "order_param_sem": 3.690035832392494e-05,
      "order_param_ci": [
        0.004086673779365663,
        0.004214344782815999
      ],
      "susceptibility": 4.61419168122356e-06,
      "susceptibility_sem": 3.1772114395029064e-07,
      "susceptibility_ci": [
        4.052960621683479e-06,
        5.1528865578907946e-06
      ],
      "susceptibility_norm": 0.2688687072704252,
      "susceptibility_norm_sem": 0.023197887244631805,
      "susceptibility_norm_ci": [
        0.22819821002848006,
        0.3085393873169867
      ],
      "autocorr_time": 16.666666666666668,
      "autocorr_time_sem": 0.33333333333333337,
      "autocorr_time_ci": [
        16.0,
        17.0
      ],
      "crossEI_H": 3.5093409330802667,
      "crossEI_H_sem": 1.2483811805290321,
      "crossEI_H_ci": [
        1.7429445115350035,
        5.92069145208701
      ],
      "crossEI_PC": 0.6135038360767544,
      "crossEI_PC_sem": 0.13959328551429295,
      "crossEI_PC_ci": [
        0.3386507956759573,
        0.7933651382237249
      ],
      "crossEI_R": 2.1825339950322795,
      "crossEI_R_sem": 1.0131560044914651,
      "crossEI_R_ci": [
        0.9700268810060391,
        4.1947836907805485
      ],
      "crossEI_PC_rel": 0.0
    },
    {
      "g": 0.6,
      "order_param": 0.010091141506416924,
      "order_param_sem": 0.00019592109484718848,
      "order_param_ci": [
        0.009818234823839554,
        0.010471103950557689
      ],
      "susceptibility": 2.755517834818559e-05,
      "susceptibility_sem": 2.537679957161298e-06,
      "susceptibility_ci": [
        2.4692185812083815e-05,
        3.261598777420503e-05
      ],
      "susceptibility_norm": 0.27264463839908654,
      "susceptibility_norm_sem": 0.033914426853745655,
      "susceptibility_norm_ci": [
        0.22520321719357753,
        0.3383480682081443
      ],
      "autocorr_time": 23.0,
      "autocorr_time_sem": 0.0,
      "autocorr_time_ci": [
        23.0,
        23.0
      ],
      "crossEI_H": 3.613120430259473,
      "crossEI_H_sem": 1.4974791885777923,
      "crossEI_H_ci": [
        1.0808099964773756,
        6.264152775595335
      ],
      "crossEI_PC": 0.9198218183562981,
      "crossEI_PC_sem": 0.030235660080509385,
      "crossEI_PC_ci": [
        0.8659261625844396,
        0.9705189438782277
      ],
      "crossEI_R": 3.2855927182701685,
      "crossEI_R_sem": 1.3724541908388297,
      "crossEI_R_ci": [
        1.0489465763142534,
        5.781940478652669
      ],
      "crossEI_PC_rel": 0.30631798227954365
    },
    {
      "g": 0.7,
      "order_param": 0.12709632450263886,
      "order_param_sem": 0.0008278093971121278,
      "order_param_ci": [
        0.1254416843447707,
        0.12797293611044946
      ],
      "susceptibility": 0.0017935421629207467,
      "susceptibility_sem": 7.803568261600825e-05,
      "susceptibility_ci": [
        0.0017148570293531857,
        0.0019496117214443576
      ],
      "susceptibility_norm": 0.11100055150882553,
      "susceptibility_norm_sem": 0.0043016036800080865,
      "susceptibility_norm_ci": [
        0.10471084146182207,
        0.1192288151626702
      ],
      "autocorr_time": 12.666666666666666,
      "autocorr_time_sem": 0.3333333333333333,
      "autocorr_time_ci": [
        12.0,
        13.0
      ],
      "crossEI_H": 2.651981467787224,
      "crossEI_H_sem": 0.03486491273803055,
      "crossEI_H_ci": [
        2.614879317658071,
        2.7216623703748497
      ],
      "crossEI_PC": 0.9997212558061745,
      "crossEI_PC_sem": 8.021612488236138e-05,
      "crossEI_PC_ci": [
        0.999561910718128,
        0.9998170757109744
      ],
      "crossEI_R": 2.651236716043145,
      "crossEI_R_sem": 0.034642199383483695,
      "crossEI_R_ci": [
        2.614316545918541,
        2.720470039261515
      ],
      "crossEI_PC_rel": 0.38621741972942014
    },
    {
      "g": 0.8,
      "order_param": 0.19412800476240658,
      "order_param_sem": 0.00047266943364295206,
      "order_param_ci": [
        0.19318475879559535,
        0.1946540746472095
      ],
      "susceptibility": 0.006419843558469477,
      "susceptibility_sem": 6.620822529859853e-05,
      "susceptibility_ci": [
        0.006318106948883452,
        0.006544113729683075
      ],
      "susceptibility_norm": 0.17034451495725214,
      "susceptibility_norm_sem": 0.0011865075209164827,
      "susceptibility_norm_ci": [
        0.16902713941248051,
        0.1727125276101397
      ],
      "autocorr_time": 10.0,
      "autocorr_time_sem": 0.0,
      "autocorr_time_ci": [
        10.0,
        10.0
      ],
      "crossEI_H": 3.288486127097697,
      "crossEI_H_sem": 0.04561925569535443,
      "crossEI_H_ci": [
        3.208936356015297,
        3.3669550032724267
      ],
      "crossEI_PC": 0.9996498358844362,
      "crossEI_PC_sem": 0.00015467064662813798,
      "crossEI_PC_ci": [
        0.9994115757576857,
        0.9999398258634903
      ],
      "crossEI_R": 3.2873485015320463,
      "crossEI_R_sem": 0.04610482754101203,
      "crossEI_R_ci": [
        3.2070481400713735,
        3.366752399662437
      ],
      "crossEI_PC_rel": 0.38614599980768183
    },
    {
      "g": 0.9,
      "order_param": 0.2603356296425135,
      "order_param_sem": 0.0006427128779158035,
      "order_param_ci": [
        0.25948010950557093,
        0.26159423476379595
      ],
      "susceptibility": 0.012737008601187995,
      "susceptibility_sem": 2.7246368574754775e-05,
      "susceptibility_ci": [
        0.012690157289779324,
        0.012784534252037556
      ],
      "susceptibility_norm": 0.18794237768290759,
      "susceptibility_norm_sem": 0.00131106185975971,
      "susceptibility_norm_ci": [
        0.18544309554578278,
        0.1898789257318075
      ],
      "autocorr_time": 9.666666666666666,
      "autocorr_time_sem": 0.3333333333333333,
      "autocorr_time_ci": [
        9.0,
        10.0
      ],
      "crossEI_H": 2.997889615938648,
      "crossEI_H_sem": 0.03928789766829105,
      "crossEI_H_ci": [
        2.9525683859100087,
        3.076138955449044
      ],
      "crossEI_PC": 0.999914972261001,
      "crossEI_PC_sem": 2.74756649882603e-05,
      "crossEI_PC_ci": [
        0.9998843180967811,
        0.999969795901969
      ],
      "crossEI_R": 2.997636843725431,
      "crossEI_R_sem": 0.03936695691262976,
      "crossEI_R_ci": [
        2.9522459736629645,
        3.0760460434464765
      ],
      "crossEI_PC_rel": 0.3864111361842466
    },
    {
      "g": 1.0,
      "order_param": 0.38602027801515854,
      "order_param_sem": 0.003126692008627758,
      "order_param_ci": [
        0.3820681741450013,
        0.39219326514154834
      ],
      "susceptibility": 0.019568861843726307,
      "susceptibility_sem": 7.34503830889584e-05,
      "susceptibility_ci": [
        0.019483835288947805,
        0.019715118747737237
      ],
      "susceptibility_norm": 0.13138247686548699,
      "susceptibility_norm_sem": 0.002356925997065185,
      "susceptibility_norm_ci": [
        0.12667012128461821,
        0.13384150953677929
      ],
      "autocorr_time": 11.0,
      "autocorr_time_sem": 0.0,
      "autocorr_time_ci": [
        11.0,
        11.0
      ],
      "crossEI_H": 3.0265371881493515,
      "crossEI_H_sem": 0.021240609044252075,
      "crossEI_H_ci": [
        2.992219288532818,
        3.0653802736827154
      ],
      "crossEI_PC": 0.9998275656612678,
      "crossEI_PC_sem": 5.6969284206207453e-05,
      "crossEI_PC_ci": [
        0.9997598032197864,
        0.9999407733383284
      ],
      "crossEI_R": 3.0260132053760422,
      "crossEI_R_sem": 0.0210874646536538,
      "crossEI_R_ci": [
        2.9920420693733694,
        3.0646439792108473
      ],
      "crossEI_PC_rel": 0.38632372958451344
    },
    {
      "g": 1.2,
      "order_param": 0.5177467801233777,
      "order_param_sem": 0.0002257239463949666,