{
  "quick": false,
  "rows": [
    {
      "g": 0.45,
      "order_param": 0.003250728485435317,
      "order_param_sem": 3.739833369348111e-05,
      "order_param_ci": [
        0.0031879932706870024,
        0.003324225389193451
      ],
      "susceptibility": 2.8803927660134227e-06,
      "susceptibility_sem": 8.543308377641014e-08,
      "susceptibility_ci": [
        2.735280073694228e-06,
        3.0523997502115545e-06
      ],
      "susceptibility_norm": 0.2723249535748565,
      "susceptibility_norm_sem": 0.0052835736694536815,
      "susceptibility_norm_ci": [
        0.261901271226276,
        0.2816783759196135
      ],
      "autocorr_time": 14.0,
      "autocorr_time_sem": 0.4438126822992973,
      "autocorr_time_ci": [
        13.25,
        14.916666666666666
      ],
      "crossEI_H": 4.552715958011909,
      "crossEI_H_sem": 0.42433573210294934,
      "crossEI_H_ci": [
        3.738050985683466,
        5.2831767434804116
      ],
      "crossEI_PC": 0.5956872785060349,
      "crossEI_PC_sem": 0.0480908557617335,
      "crossEI_PC_ci": [
        0.5022331703579692,
        0.6818210158636491
      ],
      "crossEI_R": 2.793998627804843,
      "crossEI_R_sem": 0.39505879268903377,
      "crossEI_R_ci": [
        2.06775581117714,
        3.502828619721255
      ],
      "crossEI_PC_rel": 0.0
    },
    {
      "g": 0.55,
      "order_param": 0.005748100109343027,
      "order_param_sem": 8.870643346187562e-05,
      "order_param_ci": [
        0.0056015962241162945,
        0.005922152096070711
      ],
      "susceptibility": 9.079908716551412e-06,
      "susceptibility_sem": 3.252911871335027e-07,
      "susceptibility_ci": [
        8.52161740987651e-06,
        9.725842089169543e-06
      ],
      "susceptibility_norm": 0.27503694971589704,
      "susceptibility_norm_sem": 0.008112787167770788,
      "susceptibility_norm_ci": [
        0.25962326411958364,
        0.2903760892407516
      ],
      "autocorr_time": 20.25,
      "autocorr_time_sem": 0.44594129250792236,
      "autocorr_time_ci": [
        19.416666666666668,
        21.083333333333332
      ],
      "crossEI_H": 4.159901753679648,
      "crossEI_H_sem": 0.4886326021345166,
      "crossEI_H_ci": [
        3.2406775405503536,
        5.056057715548941
      ],
      "crossEI_PC": 0.7663343053030856,
      "crossEI_PC_sem": 0.03163926389231384,
      "crossEI_PC_ci": [
        0.7082231690346953,
        0.8243446776155411
      ],
      "crossEI_R": 3.271511990225983,
      "crossEI_R_sem": 0.46293696516143995,
      "crossEI_R_ci": [
        2.428898002731682,
        4.11051342704956
      ],
      "crossEI_PC_rel": 0.17064702679705068
    },
    {
      "g": 0.6,
      "order_param": 0.010028846339036841,
      "order_param_sem": 0.00018542844282476973,
      "order_param_ci": [
        0.009703250839696828,
        0.010388761252190912
      ],
      "susceptibility": 2.7567139386899157e-05,
      "susceptibility_sem": 1.1704976617646551e-06,
      "susceptibility_ci": [
        2.5546463565588014e-05,
        2.9850115094954143e-05
      ],
      "susceptibility_norm": 0.2749334579840219,
      "susceptibility_norm_sem": 0.011081013323679978,
      "susceptibility_norm_ci": [
        0.2553001456715848,
        0.2966276849183795
      ],
      "autocorr_time": 22.25,
      "autocorr_time_sem": 0.32856437033638547,
      "autocorr_time_ci": [
        21.666666666666668,
        22.833333333333332
      ],
      "crossEI_H": 4.395604978348163,
      "crossEI_H_sem": 0.5267240939254518,
      "crossEI_H_ci": [
        3.3955564007281582,
        5.315894430057364
      ],
      "crossEI_PC": 0.9328780706616348,
      "crossEI_PC_sem": 0.022925398193893942,
      "crossEI_PC_ci": [
        0.8836359812536942,
        0.9695347444888158
      ],
      "crossEI_R": 4.134881941152899,
      "crossEI_R_sem": 0.5251625902601638,
      "crossEI_R_ci": [
        3.1439826155032646,
        5.049203054052253
      ],
      "crossEI_PC_rel": 0.3371907921555999
    },
    {
      "g": 0.65,
      "order_param": 0.02606322191006111,
      "order_param_sem": 0.00045269183851130495,
      "order_param_ci": [
        0.02518724143993058,
        0.026876673254198385
      ],
      "susceptibility": 0.00019148301683569936,
      "susceptibility_sem": 1.3280000797635519e-05,
      "susceptibility_ci": [
        0.0001692680683390251,
        0.0002176397474290261
      ],
      "susceptibility_norm": 0.27928131598320316,
      "susceptibility_norm_sem": 0.012631906728491585,
      "susceptibility_norm_ci": [
        0.2562452264496736,
        0.30292267670689
      ],
      "autocorr_time": 17.916666666666668,
      "autocorr_time_sem": 0.08333333333333333,
      "autocorr_time_ci": [
        17.75,
        18.0
      ],
      "crossEI_H": 4.696415533812283,
      "crossEI_H_sem": 0.15966760551686224,
      "crossEI_H_ci": [
        4.404375693655134,
        4.994370854367482
      ],
      "crossEI_PC": 0.998009027635363,
      "crossEI_PC_sem": 0.0005180168172489867,
      "crossEI_PC_ci": [
        0.9970121826954897,
        0.9989255062447269
      ],
      "crossEI_R": 4.686864096947493,
      "crossEI_R_sem": 0.15889452568627194,
      "crossEI_R_ci": [
        4.397447402116649,
        4.984239842373761
      ],
      "crossEI_PC_rel": 0.40232174912932817
    },
    {
      "g": 0.7,
      "order_param": 0.1276612959786741,
      "order_param_sem": 0.0007045003745463589,
      "order_param_ci": [
        0.12630402232787175,
        0.12896035560471614
      ],
      "susceptibility": 0.0017717412613513098,
      "susceptibility_sem": 3.9755358458643534e-05,
      "susceptibility_ci": [
        0.0016938728026797965,
        0.0018452849109930874
      ],
      "susceptibility_norm": 0.10861721994453027,
      "susceptibility_norm_sem": 0.0018785736471258053,
      "susceptibility_norm_ci": [
        0.10534298866729745,
        0.1122017814342589
      ],
      "autocorr_time": 12.416666666666666,
      "autocorr_time_sem": 0.1486470975026408,
      "autocorr_time_ci": [
        12.166666666666666,
        12.666666666666666
      ],
      "crossEI_H": 2.6856929243080097,
      "crossEI_H_sem": 0.03108902089375572,
      "crossEI_H_ci": [
        2.6287271770494622,
        2.7437725255066616
      ],
      "crossEI_PC": 0.9997342656638167,
      "crossEI_PC_sem": 3.373381165786461e-05,
      "crossEI_PC_ci": [
        0.9996721193684376,
        0.99979434972878
      ],
      "crossEI_R": 2.684975319638999,
      "crossEI_R_sem": 0.03104906844062807,
      "crossEI_R_ci": [
        2.6281067847753823,
        2.7429983336022263
      ],
      "crossEI_PC_rel": 0.40404698715778187
    },
    {
      "g": 0.75,
      "order_param": 0.168773301411973,
      "order_param_sem": 0.0002930504855653523,
      "order_param_ci": [
        0.16825116517193042,
        0.16930721647174748
      ],
      "susceptibility": 0.004256938538879664,
      "susceptibility_sem": 1.9145649769144404e-05,
      "susceptibility_ci": [
        0.004220754238255656,
        0.004294404554348095
      ],
      "susceptibility_norm": 0.14945370825063012,
      "susceptibility_norm_sem": 0.0006861492492657654,
      "susceptibility_norm_ci": [
        0.14810838974934232,
        0.15070570334161806
      ],
      "autocorr_time": 10.333333333333334,
      "autocorr_time_sem": 0.1421338109037403,
      "autocorr_time_ci": [
        10.083333333333334,
        10.583333333333334
      ],
      "crossEI_H": 3.045123806366385,
      "crossEI_H_sem": 0.013943505990174972,
      "crossEI_H_ci": [
        3.0181346653628207,
        3.070679865477155
      ],
      "crossEI_PC": 0.9997512073827225,
      "crossEI_PC_sem": 4.710964606963056e-05,
      "crossEI_PC_ci": [
        0.9996656328260365,
        0.9998389300393723
      ],
      "crossEI_R": 3.044368413875004,
      "crossEI_R_sem": 0.013985169849821783,