{
  "quick": false,
  "N": 600,
  "T": 20000,
  "rows": [
    {
      "sigma": 0.7,
      "susceptibility": 0.770126378625,
      "susceptibility_sem": 0.008616948951104651,
      "susceptibility_ci": [
        0.753926815915625,
        0.7869523896093751
      ],
      "powerlaw_r2": 0.9959428180219996,
      "powerlaw_r2_sem": 0.0003417538768640094,
      "powerlaw_r2_ci": [
        0.9952755577521243,
        0.9965785414113354
      ],
      "powerlaw_slope": -2.0423252030267074,
      "powerlaw_slope_sem": 0.004364473110614827,
      "powerlaw_slope_ci": [
        -2.050800889298719,
        -2.0340832885788314
      ],
      "branching_est": 0.5530614184226076,
      "branching_est_sem": 0.0035806702417332183,
      "branching_est_ci": [
        0.5461980446805831,
        0.5594954685776361
      ],
      "activity_flatness": 0.7733558685412186,
      "activity_flatness_sem": 0.0009845367873139018,
      "activity_flatness_ci": [
        0.7715213069066431,
        0.7752174107290689
      ],
      "R_max": 2.9082088741969692e-05,
      "R_max_sem": 1.8104032868289525e-06,
      "R_max_ci": [
        2.571198512348148e-05,
        3.249768682388787e-05
      ],
      "R_avg": 8.246881416256919e-06,
      "R_avg_sem": 1.0200469619931154e-07,
      "R_avg_ci": [
        8.045967363638317e-06,
        8.435644873027277e-06
      ],
      "H_max": 0.30694157303865083,
      "H_max_sem": 0.005896165389097339,
      "H_max_ci": [
        0.2949502854841855,
        0.31836878053128415
      ],
      "R_flatness": 0.8141980954585939,
      "R_flatness_sem": 0.010262903883009681,
      "R_flatness_ci": [
        0.7943267831554611,
        0.8326780620910615
      ]
    },
    {
      "sigma": 0.85,
      "susceptibility": 3.0368849493749996,
      "susceptibility_sem": 0.04591238794068217,
      "susceptibility_ci": [
        2.9512385776125,
        3.120060364903125
      ],
      "powerlaw_r2": 0.9974615941471601,
      "powerlaw_r2_sem": 0.00026307674771104943,
      "powerlaw_r2_ci": [
        0.9969654687581093,
        0.9979534242989317
      ],
      "powerlaw_slope": -1.7858059797208559,
      "powerlaw_slope_sem": 0.005844690949504925,
      "powerlaw_slope_ci": [
        -1.7971157427998528,
        -1.7745885912494768
      ],
      "branching_est": 0.7678713610749444,
      "branching_est_sem": 0.0029773423087762615,
      "branching_est_ci": [
        0.762373329917433,
        0.7732410835179181
      ],
      "activity_flatness": 0.6855535080820122,
      "activity_flatness_sem": 0.0016219940185337584,
      "activity_flatness_ci": [
        0.6825640458539523,
        0.6886428298358498
      ],
      "R_max": 1.8283614766703182e-05,
      "R_max_sem": 1.1884420572394961e-06,
      "R_max_ci": [
        1.6207888821219942e-05,
        2.0773308552122924e-05
      ],
      "R_avg": 7.744141024809757e-06,
      "R_avg_sem": 6.371963319886216e-08,
      "R_avg_ci": [
        7.623613558245183e-06,
        7.858897151693025e-06
      ],
      "H_max": 0.37086284814109804,
      "H_max_sem": 0.008115782888042633,
      "H_max_ci": [
        0.3559335823286242,
        0.3873262415965132
      ],
      "R_flatness": 0.9021403261162083,
      "R_flatness_sem": 0.0035262522385004933,
      "R_flatness_ci": [
        0.8956566711944306,
        0.9089235502166111
      ]
    },
    {
      "sigma": 0.92,
      "susceptibility": 8.764198814,
      "susceptibility_sem": 0.18065261298481652,
      "susceptibility_ci": [
        8.439933833959374,
        9.120294635478125
      ],
      "powerlaw_r2": 0.9980548319044937,
      "powerlaw_r2_sem": 0.00017306225562371716,
      "powerlaw_r2_ci": [
        0.9977276742253599,
        0.9983696738316018
      ],
      "powerlaw_slope": -1.663996509388666,
      "powerlaw_slope_sem": 0.004687469288923198,
      "powerlaw_slope_ci": [
        -1.672868091196467,
        -1.654529138939112
      ],
      "branching_est": 0.8679447567670249,
      "branching_est_sem": 0.00216372108095718,
      "branching_est_ci": [
        0.8641314516510139,
        0.8720388474740787
      ],
      "activity_flatness": 0.6142290296974584,
      "activity_flatness_sem": 0.001918293072512887,
      "activity_flatness_ci": [
        0.6105428309405647,
        0.6177122105345333
      ],
      "R_max": 1.5408545996100276e-05,
      "R_max_sem": 1.0904911710904534e-06,
      "R_max_ci": [
        1.3917744547054275e-05,
        1.777760471155012e-05
      ],
      "R_avg": 8.119541708469222e-06,
      "R_avg_sem": 7.455066131106294e-08,
      "R_avg_ci": [
        7.977628255374678e-06,
        8.25755597669717e-06
      ],
      "H_max": 0.44687830632461356,
      "H_max_sem": 0.015165181856693674,
      "H_max_ci": [
        0.4219353737504805,
        0.4803171155937163
      ],
      "R_flatness": 0.8985330727202969,
      "R_flatness_sem": 0.004707900110102081,
      "R_flatness_ci": [
        0.8887046851502393,
        0.906441624021265
      ]
    },
    {
      "sigma": 0.97,
      "susceptibility": 31.15761995775,
      "susceptibility_sem": 1.0044627019585655,
      "susceptibility_ci": [
        29.36404150521875,
        33.083719966656254
      ],
      "powerlaw_r2": 0.9978253824006369,
      "powerlaw_r2_sem": 0.00022749945294246713,
      "powerlaw_r2_ci": [
        0.9973766022637818,
        0.9982282118111452
      ],
      "powerlaw_slope": -1.580023008767032,
      "powerlaw_slope_sem": 0.003598010968090288,
      "powerlaw_slope_ci": [
        -1.5873072058022166,
        -1.5731867502698287
      ],
      "branching_est": 0.9328764262933431,
      "branching_est_sem": 0.0014682678366215224,
      "branching_est_ci": [
        0.9301451009358503,
        0.935693177138159
      ],
      "activity_flatness": 0.541374650032045,
      "activity_flatness_sem": 0.002139992018986995,
      "activity_flatness_ci": [
        0.53729672447789,
        0.5452851372494913
      ],
      "R_max": 1.7228789586887733e-05,
      "R_max_sem": 9.001811650361148e-07,
      "R_max_ci": [
        1.572514930173021e-05,
        1.9132175009204356e-05
      ],
      "R_avg": 8.64920908753597e-06,
      "R_avg_sem": 7.03450827108824e-08,
      "R_avg_ci": [
        8.511629672520016e-06,
        8.78029718893945e-06
      ],
      "H_max": 0.5162287199080625,
      "H_max_sem": 0.018404433461126815,
      "H_max_ci": [
        0.48444135039874847,
        0.5554716400721444
      ],
      "R_flatness": 0.8645794410157739,
      "R_flatness_sem": 0.005346331873519752,
      "R_flatness_ci": [
        0.8539228450007108,
        0.8741790763928662
      ]
    },
    {
      "sigma": 1.0,
      "susceptibility": 98.20849679049999,
      "susceptibility_sem": 3.2806096093764276,
      "susceptibility_ci": [
        92.36605512481248,
        104.46804082514686
      ],
      "powerlaw_r2": 0.9967759018676882,
      "powerlaw_r2_sem": 0.00020048156266966067,
      "powerlaw_r2_ci": [
        0.9963740420494661,
        0.9971429052293794
      ],
      "powerlaw_slope": -1.5092454808048814,
      "powerlaw_slope_sem": 0.0037733945240847142,
      "powerlaw_slope_ci": [
        -1.5167848766459369,
        -1.5029300791268185
      ],
      "branching_est": 0.9611774548818166,
      "branching_est_sem": 0.0007436816859072679,
      "branching_est_ci": [
        0.959829098098844,
        0.9625728666065966
      ],
      "activity_flatness": 0.49120646134911505,
      "activity_flatness_sem": 0.0019088561246628306,
      "activity_flatness_ci": [
        0.4875367079610484,
        0.4946257283373307
      ],
      "R_max": 1.7068245907596718e-05,
      "R_max_sem": 8.752728518461583e-07,
      "R_max_ci": [
        1.5551474130278384e-05,
        1.8847621482085285e-05
      ],
      "R_avg": 8.827399286321156e-06,
      "R_avg_sem": 9.396421126029081e-08,
      "R_avg_ci": [
        8.644149027509167e-06,
        9.002346308357526e-06
      ],
      "H_max": 0.527862767608737,
      "H_max_sem": 0.02288211736410197,