{
  "quick": false,
  "coupling": {
    "snrs": [
      -36,
      -30,
      -24,
      -18,
      -12,
      -6,
      0,
      6
    ],
    "PCz_auc": [
      0.3541666666666667,
      0.4652777777777778,
      0.5763888888888888,
      0.6527777777777778,
      1.0,
      1.0,
      1.0,
      1.0
    ],
    "rawPLV_auc": [
      0.4236111111111111,
      0.5069444444444444,
      0.5416666666666666,
      0.5347222222222222,
      0.7708333333333334,
      1.0,
      1.0,
      1.0
    ],
    "PLVz_auc": [
      0.4027777777777778,
      0.5138888888888888,
      0.5416666666666666,
      0.5208333333333334,
      0.7361111111111112,
      1.0,
      1.0,
      1.0
    ]
  },
  "harmonicity": {
    "snrs": [
      -36,
      -30,
      -24,
      -18,
      -12,
      -6,
      0,
      6
    ],
    "H_auc_inh": [
      0.275,
      0.325,
      0.5325,
      0.9925,
      1.0,
      1.0,
      1.0,
      1.0
    ],
    "HNR_auc_inh": [
      0.61,
      0.605,
      0.71,
      1.0,
      1.0,
      1.0,
      1.0,
      1.0
    ],
    "H_auc_noise": [
      0.3525,
      0.4175,
      0.6825,
      1.0,
      1.0,
      1.0,
      1.0,
      1.0
    ],
    "HNR_auc_noise": [
      0.495,
      0.475,
      0.485,
      0.9975,
      1.0,
      1.0,
      1.0,
      1.0
    ]
  }
}