{
  "quick": true,
  "metric": "nm_wpli",
  "out": {
    "motor": {
      "one": {
        "frac_epochs_with_pair": 0.9714285714285714,
        "frac_sig": 0.35294117647058826,
        "n": 68
      },
      "nm": {
        "frac_epochs_with_pair": 0.9714285714285714,
        "frac_sig": 0.029411764705882353,
        "n": 68,
        "top_ratios": [
          [
            "1:2",
            90
          ],
          [
            "2:3",
            57
          ],
          [
            "1:3",
            46
          ]
        ]
      }
    },
    "occipital": {
      "one": {
        "frac_epochs_with_pair": 0.9714285714285714,
        "frac_sig": 0.4117647058823529,
        "n": 68
      },
      "nm": {
        "frac_epochs_with_pair": 0.9714285714285714,
        "frac_sig": 0.014705882352941176,
        "n": 68,
        "top_ratios": [
          [
            "1:2",
            91
          ],
          [
            "1:3",
            89
          ],
          [
            "2:3",
            81
          ]
        ]
      }
    }
  }
}