{
  "quick": false,
  "n_surr": 99,
  "out": {
    "negative": {
      "plv": {
        "mean_obs": 0.9971981280154333,
        "mean_z": 6.78317158091322,
        "frac_sig": 1.0
      },
      "rho_entropy": {
        "mean_obs": 0.9804320928316905,
        "mean_z": 38.13367663346024,
        "frac_sig": 1.0
      },
      "conditional_prob": {
        "mean_obs": 0.9921465787564858,
        "mean_z": 6.804876154560653,
        "frac_sig": 1.0
      },
      "phase_mi": {
        "mean_obs": 0.8662307191805458,
        "mean_z": 33.613816638604256,
        "frac_sig": 1.0
      }
    },
    "positive": {
      "plv": {
        "mean_obs": 0.9946077031898621,
        "mean_z": 4.863427297301508,
        "frac_sig": 1.0
      },
      "rho_entropy": {
        "mean_obs": 0.8598490704082754,
        "mean_z": 21.217637153809573,
        "frac_sig": 1.0
      },
      "conditional_prob": {
        "mean_obs": 0.9895939894440334,
        "mean_z": 4.86942367641809,
        "frac_sig": 1.0
      },
      "phase_mi": {
        "mean_obs": 0.7982756086864746,
        "mean_z": 19.14971557788953,
        "frac_sig": 1.0
      }
    }
  }
}