{
  "quick": true,
  "ratios": [
    "1:2",
    "1:3",
    "1:4",
    "1:5",
    "2:3",
    "2:5",
    "2:7",
    "3:4",
    "3:5",
    "3:7",
    "4:5",
    "4:7",
    "5:6",
    "5:7",
    "6:7"
  ],
  "snr_db": 3.0,
  "out": {
    "detection": {
      "0": {
        "pooled_auc": {
          "plv": 1.0,
          "plv_canonical": 1.0,
          "pli": 0.8037037037037037,
          "wpli": 0.8132098765432099,
          "rrci": 0.7450617283950617,
          "wpli_complex": 0.8201234567901234,
          "plv_SWAPPED": 0.3811111111111111
        },
        "per_ratio": {
          "1:2": {
            "plv": 1.0,
            "plv_canonical": 1.0,
            "pli": 1.0,
            "wpli": 1.0,
            "rrci": 1.0,
            "wpli_complex": 1.0,
            "plv_SWAPPED": 0.19444444444444445
          },
          "1:3": {
            "plv": 1.0,
            "plv_canonical": 1.0,
            "pli": 0.3611111111111111,
            "wpli": 0.4166666666666667,
            "rrci": 0.08333333333333333,
            "wpli_complex": 0.3888888888888889,
            "plv_SWAPPED": 0.4722222222222222
          },
          "1:4": {
            "plv": 1.0,
            "plv_canonical": 1.0,
            "pli": 1.0,
            "wpli": 1.0,
            "rrci": 1.0,
            "wpli_complex": 1.0,
            "plv_SWAPPED": 0.16666666666666666
          },
          "1:5": {
            "plv": 1.0,
            "plv_canonical": 1.0,
            "pli": 0.3888888888888889,
            "wpli": 0.5833333333333334,
            "rrci": 0.2222222222222222,
            "wpli_complex": 0.7222222222222222,
            "plv_SWAPPED": 0.5
          },
          "2:3": {
            "plv": 1.0,
            "plv_canonical": 1.0,
            "pli": 1.0,
            "wpli": 1.0,
            "rrci": 1.0,
            "wpli_complex": 1.0,
            "plv_SWAPPED": 0.25
          },
          "2:5": {
            "plv": 1.0,
            "plv_canonical": 1.0,
            "pli": 1.0,
            "wpli": 1.0,
            "rrci": 1.0,
            "wpli_complex": 1.0,
            "plv_SWAPPED": 0.2222222222222222
          },
          "2:7": {
            "plv": 1.0,
            "plv_canonical": 1.0,
            "pli": 1.0,
            "wpli": 1.0,
            "rrci": 1.0,
            "wpli_complex": 1.0,
            "plv_SWAPPED": 0.5833333333333334
          },
          "3:4": {
            "plv": 1.0,
            "plv_canonical": 1.0,
            "pli": 1.0,
            "wpli": 1.0,
            "rrci": 1.0,
            "wpli_complex": 1.0,
            "plv_SWAPPED": 0.4444444444444444
          },
          "3:5": {
            "plv": 1.0,
            "plv_canonical": 1.0,
            "pli": 0.25,
            "wpli": 0.2777777777777778,
            "rrci": 0.19444444444444445,
            "wpli_complex": 0.3055555555555556,
            "plv_SWAPPED": 0.9166666666666666
          },
          "3:7": {
            "plv": 1.0,
            "plv_canonical": 1.0,
            "pli": 0.7361111111111112,
            "wpli": 0.7222222222222222,
            "rrci": 0.4166666666666667,
            "wpli_complex": 0.7222222222222222,
            "plv_SWAPPED": 0.3055555555555556
          },
          "4:5": {
            "plv": 1.0,
            "plv_canonical": 1.0,
            "pli": 1.0,
            "wpli": 1.0,
            "rrci": 1.0,
            "wpli_complex": 1.0,
            "plv_SWAPPED": 0.4722222222222222
          },
          "4:7": {
            "plv": 1.0,
            "plv_canonical": 1.0,
            "pli": 1.0,
            "wpli": 1.0,
            "rrci": 1.0,
            "wpli_complex": 1.0,
            "plv_SWAPPED": 0.05555555555555555
          },
          "5:6": {
            "plv": 1.0,
            "plv_canonical": 1.0,
            "pli": 1.0,
            "wpli": 1.0,
            "rrci": 1.0,
            "wpli_complex": 1.0,
            "plv_SWAPPED": 0.16666666666666666
          },
          "5:7": {
            "plv": 1.0,
            "plv_canonical": 1.0,
            "pli": 0.3611111111111111,
            "wpli": 0.3333333333333333,
            "rrci": 0.25,
            "wpli_complex": 0.3888888888888889,
            "plv_SWAPPED": 0.5
          },
          "6:7": {
            "plv": 1.0,
            "plv_canonical": 1.0,
            "pli": 1.0,
            "wpli": 1.0,
            "rrci": 1.0,
            "wpli_complex": 1.0,
            "plv_SWAPPED": 0.3055555555555556
          }
        }
      },
      "pi/2": {
        "pooled_auc": {
          "plv": 1.0,
          "plv_canonical": 1.0,
          "pli": 0.8434567901234568,
          "wpli": 0.8461728395061728,
          "rrci": 0.7803703703703704,
          "wpli_complex": 0.845925925925926,
          "plv_SWAPPED": 0.12728395061728395
        },
        "per_ratio": {
          "1:2": {
            "plv": 1.0,
            "plv_canonical": 1.0,
            "pli": 0.1388888888888889,
            "wpli": 0.1388888888888889,
            "rrci": 0.0,
            "wpli_complex": 0.1388888888888889,
            "plv_SWAPPED": 0.0
          },
          "1:3": {
            "plv": 1.0,
            "plv_canonical": 1.0,
            "pli": 1.0,
            "wpli": 1.0,
            "rrci": 1.0,
            "wpli_complex": 1.0,
            "plv_SWAPPED": 0.0
          },
          "1:4": {
            "plv": 1.0,
            "plv_canonical": 1.0,
            "pli": 0.7222222222222222,
            "wpli": 0.5833333333333334,
            "rrci": 0.1111111111111111,
            "wpli_complex": 0.5833333333333334,
            "plv_SWAPPED": 0.0
          },
          "1:5": {
            "plv": 1.0,
            "plv_canonical": 1.0,
            "pli": 1.0,
            "wpli": 1.0,
            "rrci": 1.0,
            "wpli_complex": 1.0,
            "plv_SWAPPED": 0.0
          },
          "2:3": {
            "plv": 1.0,
            "plv_canonical": 1.0,
            "pli": 1.0,
            "wpli": 1.0,
            "rrci": 1.0,
            "wpli_complex": 1.0,
            "plv_SWAPPED": 0.0
          },
          "2:5": {
            "plv": 1.0,
            "plv_canonical": 1.0,
            "pli": 1.0,
            "wpli": 1.0,
            "rrci": 1.0,
            "wpli_complex": 1.0,
            "plv_SWAPPED": 0.0
          },
          "2:7": {
            "plv": 1.0,
            "plv_canonical": 1.0,
            "pli": 1.0,
            "wpli": 1.0,
            "rrci": 1.0,
            "wpli_complex": 1.0,
            "plv_SWAPPED": 0.2222222222222222
          },
          "3:4": {
            "plv": 1.0,
            "plv_canonical": 1.0,
            "pli": 0.5,
            "wpli": 0.5555555555555556,
            "rrci": 0.3888888888888889,
            "wpli_complex": 0.5555555555555556,
            "plv_SWAPPED": 0.1388888888888889
          },
          "3:5": {
            "plv": 1.0,
            "plv_canonical": 1.0,
            "pli": 1.0,
            "wpli": 1.0,
            "rrci": 1.0,
            "wpli_complex": 1.0,
            "plv_SWAPPED": 0.0
          },
          "3:7": {
            "plv": 1.0,
            "plv_canonical": 1.0,
            "pli": 1.0,
            "wpli": 1.0,
            "rrci": 1.0,
            "wpli_complex": 1.0,
            "plv_SWAPPED": 0.2222222222222222
          },
          "4:5": {
            "plv": 1.0,
            "plv_canonical": 1.0,
            "pli": 1.0,
            "wpli": 1.0,
            "rrci": 1.0,
            "wpli_complex": 1.0,
            "plv_SWAPPED": 0.19444444444444445
          },
          "4:7": {
            "plv": 1.0,
            "plv_canonical": 1.0,
            "pli": 1.0,
            "wpli": 1.0,
            "rrci": 1.0,
            "wpli_complex": 1.0,
            "plv_SWAPPED": 0.0
          },
          "5:6": {
            "plv": 1.0,
            "plv_canonical": 1.0,
            "pli": 0.4722222222222222,
            "wpli": 0.4166666666666667,
            "rrci": 0.2222222222222222,
            "wpli_complex": 0.3888888888888889,