{
  "quick": true,
  "coupling": {
    "snrs": [
      -30,
      -24,
      -18,
      -12,
      -6,
      0
    ],
    "PCz_auc": [
      0.4166666666666667,
      0.5555555555555556,
      0.5277777777777778,
      1.0,
      1.0,
      1.0
    ],
    "rawPLV_auc": [
      0.5277777777777778,
      0.6111111111111112,
      0.5277777777777778,
      0.6944444444444444,
      1.0,
      1.0
    ]
  },
  "harmonicity": {
    "snrs": [
      -30,
      -24,
      -18,
      -12,
      -6,
      0
    ],
    "H_auc_inh": [
      0.16,
      0.37,
      0.98,
      1.0,
      1.0,
      1.0
    ],
    "HNR_auc_inh": [
      0.6,
      0.65,
      1.0,
      1.0,
      1.0,
      1.0
    ],
    "H_auc_noise": [
      0.28,
      0.59,
      1.0,
      1.0,
      1.0,
      1.0
    ],
    "HNR_auc_noise": [
      0.47,
      0.48,
      1.0,
      1.0,
      1.0,
      1.0
    ]
  }
}