{
  "quick": false,
  "sigmas": [
    0.3,
    0.4,
    0.5,
    0.6,
    0.7,
    0.8,
    0.95,
    1.1,
    1.35,
    1.7
  ],
  "rows": [
    {
      "sigma": 0.3,
      "m_hat": 0.7693602023584639,
      "m_hat_sem": 0.01130135131675119,
      "prox_crit": 0.9884647613941097,
      "prox_crit_sem": 0.0007467106274570289,
      "powerlaw_r2": 0.9884647613941097,
      "powerlaw_r2_sem": 0.0007467106274570289,
      "dcc": 0.049903620010711636,
      "dcc_sem": 0.013772748414336015,
      "chi": 6.367625572961387,
      "chi_sem": 0.12740223072648577,
      "max_aval": 46.75,
      "max_aval_sem": 4.941623504187956,
      "susceptibility": 0.5746817190625,
      "susceptibility_sem": 0.005579420549101797,
      "susceptibility_norm": 2.3249016657783037,
      "susceptibility_norm_sem": 0.017514673039971822,
      "autocorr_time": 1.0,
      "autocorr_time_sem": 0.0,
      "lrtc": 1.0892935165437345,
      "lrtc_sem": 0.03804069630068535,
      "peak_prom": 7.4373272093493075,
      "peak_prom_sem": 0.2528733962129648,
      "f_osc": 12.5732421875,
      "f_osc_sem": 1.9118164051810753,
      "H": 0.2144647411504455,
      "H_sem": 0.013935755154379966,
      "PC": 0.43513478509247416,
      "PC_sem": 0.06143550487819914,
      "R": 1.1634003983594288,
      "R_sem": 0.18860600222605917,
      "PC_self": 4.742959976573074e-05,
      "PC_self_sem": 1.6315049551934406e-05,
      "R_self": 6.958630560020276e-06,
      "R_self_sem": 1.8413553831381611e-06
    },
    {
      "sigma": 0.4,
      "m_hat": 0.8239098150274421,
      "m_hat_sem": 0.006845047813553233,
      "prox_crit": 0.9910874994613184,
      "prox_crit_sem": 0.0009885692796507096,
      "powerlaw_r2": 0.9910874994613184,
      "powerlaw_r2_sem": 0.0009885692796507096,
      "dcc": 0.06514156594286774,
      "dcc_sem": 0.009318489523969162,
      "chi": 13.453528285754839,
      "chi_sem": 0.3306016630186704,
      "max_aval": 91.375,
      "max_aval_sem": 5.031818401787908,
      "susceptibility": 0.9343061328125,
      "susceptibility_sem": 0.012985643011549534,
      "susceptibility_norm": 1.932298314615944,
      "susceptibility_norm_sem": 0.0161579836640816,
      "autocorr_time": 2.25,
      "autocorr_time_sem": 0.16366341767699427,
      "lrtc": 1.2051775754316731,
      "lrtc_sem": 0.04140230970873249,
      "peak_prom": 15.075322695661729,
      "peak_prom_sem": 0.7066381878402166,
      "f_osc": 8.72802734375,
      "f_osc_sem": 1.0042356806180883,
      "H": 0.22002146934874955,
      "H_sem": 0.010096785717747943,
      "PC": 0.7330880601553478,
      "PC_sem": 0.050007296489658716,
      "R": 2.306699460103418,
      "R_sem": 0.13662581733761708,
      "PC_self": 2.902317534065178e-05,
      "PC_self_sem": 1.808811596575795e-06,
      "R_self": 5.760312504484859e-06,
      "R_self_sem": 6.268821706319409e-07
    },
    {
      "sigma": 0.5,
      "m_hat": 0.8546759397811644,
      "m_hat_sem": 0.004164064010113911,
      "prox_crit": 0.9939940649945175,
      "prox_crit_sem": 0.0010344993148647006,
      "powerlaw_r2": 0.9939940649945175,
      "powerlaw_r2_sem": 0.0010344993148647006,
      "dcc": 0.07734438984818309,
      "dcc_sem": 0.003986059397484986,
      "chi": 30.249130368803943,
      "chi_sem": 0.6068048941951805,
      "max_aval": 146.625,
      "max_aval_sem": 5.697548031515712,
      "susceptibility": 1.6611282346875,
      "susceptibility_sem": 0.023517570825163817,
      "susceptibility_norm": 1.6303524255780437,
      "susceptibility_norm_sem": 0.015613112800781564,
      "autocorr_time": 5.125,
      "autocorr_time_sem": 0.125,
      "lrtc": 1.201076063458113,
      "lrtc_sem": 0.019189811811922766,
      "peak_prom": 27.40743754796427,
      "peak_prom_sem": 1.6501141270457713,
      "f_osc": 8.1787109375,
      "f_osc_sem": 0.6068538170098114,
      "H": 0.2370229124469438,
      "H_sem": 0.012258936695921022,
      "PC": 0.8308869997291248,
      "PC_sem": 0.023616130824756314,
      "R": 3.096830760126743,
      "R_sem": 0.1143674330152011,
      "PC_self": 3.169800980301529e-05,
      "PC_self_sem": 1.951080279836321e-06,
      "R_self": 7.147924604963876e-06,
      "R_self_sem": 8.534153607138799e-07
    },
    {
      "sigma": 0.6,
      "m_hat": 0.8668455123204702,
      "m_hat_sem": 0.0030910321995645637,
      "prox_crit": 0.9966860047374355,
      "prox_crit_sem": 0.00043297848038416483,
      "powerlaw_r2": 0.9966860047374355,
      "powerlaw_r2_sem": 0.00043297848038416483,
      "dcc": 0.11143055458072315,
      "dcc_sem": 0.006673917052069769,
      "chi": 65.95772982354603,
      "chi_sem": 1.2322089379519734,
      "max_aval": 245.125,
      "max_aval_sem": 13.51379916445197,
      "susceptibility": 3.1093724003125,
      "susceptibility_sem": 0.04861545956411056,
      "susceptibility_norm": 1.4412247315647502,
      "susceptibility_norm_sem": 0.016417508115796193,
      "autocorr_time": 7.75,
      "autocorr_time_sem": 0.16366341767699427,
      "lrtc": 1.202889651662431,
      "lrtc_sem": 0.02459742977273816,
      "peak_prom": 52.761868726481154,
      "peak_prom_sem": 4.331322855354446,
      "f_osc": 8.36181640625,
      "f_osc_sem": 0.660196156395994,
      "H": 0.2810013556327901,
      "H_sem": 0.019038619654645435,
      "PC": 0.7789937703275412,
      "PC_sem": 0.02613891268212701,
      "R": 3.106895529199887,
      "R_sem": 0.17786858184689694,
      "PC_self": 3.825167102286637e-05,
      "PC_self_sem": 3.578211336961959e-06,
      "R_self": 1.0727491826663896e-05,
      "R_self_sem": 1.932164198685982e-06
    },
    {
      "sigma": 0.7,
      "m_hat": 0.8655205636553495,
      "m_hat_sem": 0.0033546411569531694,
      "prox_crit": 0.9899393799779895,
      "prox_crit_sem": 0.0008699373393363073,
      "powerlaw_r2": 0.9899393799779895,
      "powerlaw_r2_sem": 0.0008699373393363073,
      "dcc": 0.11904706513270197,
      "dcc_sem": 0.00561352454997815,
      "chi": 121.12876450522596,
      "chi_sem": 2.4650093146666365,
      "max_aval": 330.25,
      "max_aval_sem": 10.122023371977418,
      "susceptibility": 5.7091188040625,
      "susceptibility_sem": 0.10055886405947412,
      "susceptibility_norm": 1.3700975792447148,
      "susceptibility_norm_sem": 0.012964050550640378,
      "autocorr_time": 10.0,
      "autocorr_time_sem": 0.0,
      "lrtc": 1.1722135907737932,
      "lrtc_sem": 0.019915471810833068,
      "peak_prom": 83.07071265092398,
      "peak_prom_sem": 5.98584368944422,
      "f_osc": 8.9111328125,
      "f_osc_sem": 0.6376431814586433,
      "H": 0.2922257616255174,
      "H_sem": 0.007273394208170825,
      "PC": 0.9613036415711904,
      "PC_sem": 0.010346775785232623,
      "R": 3.728469034629972,
      "R_sem": 0.22004559460243464,
      "PC_self": 3.994632259359954e-05,
      "PC_self_sem": 2.371192718111271e-06,
      "R_self": 1.0575218203994088e-05,
      "R_self_sem": 1.1126350268618102e-06
    },
    {
      "sigma": 0.8,
      "m_hat": 0.8410446625338975,
      "m_hat_sem": 0.004192448277701772,
      "prox_crit": 0.9703835108813301,
      "prox_crit_sem": 0.0017944061603169601,
      "powerlaw_r2": 0.9703835108813301,
      "powerlaw_r2_sem": 0.0017944061603169601,
      "dcc": 0.13225999707223546,
      "dcc_sem": 0.006214829667408752,
      "chi": 183.86872597982236,
      "chi_sem": 3.657317216071696,
      "max_aval": 414.25,
      "max_aval_sem": 8.478439040969072,
      "susceptibility": 9.659736679062501,
      "susceptibility_sem": 0.14789396644702466,
      "susceptibility_norm": 1.3449191055628804,
      "susceptibility_norm_sem": 0.0274146416504824,
      "autocorr_time": 10.875,
      "autocorr_time_sem": 0.125,
      "lrtc": 1.1397653186158112,
      "lrtc_sem": 0.012968752393953264,
      "peak_prom": 151.1540529605682,
      "peak_prom_sem": 9.907734323034846,
      "f_osc": 9.674072265625,
      "f_osc_sem": 0.2915757988142781,
      "H": 0.3088456703429917,
      "H_sem": 0.011978326292600098,
      "PC": 0.9488540883132792,
      "PC_sem": 0.017470670272617395,