{
  "quick": false,
  "n_res": 300,
  "rows": [
    {
      "rho": 0.1,
      "lyapunov": -0.31902552056494493,
      "lyapunov_sem": 0.00024814792940017747,
      "lyapunov_ci": [
        -0.3194942152767401,
        -0.3185548500821661
      ],
      "memory_capacity": 3.4424555983023666,
      "memory_capacity_sem": 0.08892900474625583,
      "memory_capacity_ci": [
        3.2760308051723075,
        3.606798295131732
      ],
      "R_internal": 0.0020590667870303237,
      "R_internal_sem": 0.0001474838801233878,
      "R_internal_ci": [
        0.0017918510576421529,
        0.0023539217533722233
      ],
      "R_input": 0.0026335721114058427,
      "R_input_sem": 0.0001810262727207572,
      "R_input_ci": [
        0.0022942374806590917,
        0.002981475709887574
      ],
      "amplification": 0.823256489792899,
      "amplification_sem": 0.06821964432400168,
      "amplification_ci": [
        0.7036920828516723,
        0.958816062184109
      ],
      "H_internal": 2.6505733906836904,
      "H_internal_sem": 0.012361107756605903,
      "H_internal_ci": [
        2.6339000687982264,
        2.675720871737173
      ]
    },
    {
      "rho": 0.2,
      "lyapunov": -0.28209847836575974,
      "lyapunov_sem": 0.00042341786837316384,
      "lyapunov_ci": [
        -0.28288767850789975,
        -0.28128261994736187
      ],
      "memory_capacity": 4.470020401759046,
      "memory_capacity_sem": 0.10783536156690021,
      "memory_capacity_ci": [
        4.2607525732412865,
        4.664038972470568
      ],
      "R_internal": 0.0022262552546390034,
      "R_internal_sem": 0.00017556285561844693,
      "R_internal_ci": [
        0.0019093850832177567,
        0.002578271826404846
      ],
      "R_input": 0.0026335721114058427,
      "R_input_sem": 0.0001810262727207572,
      "R_input_ci": [
        0.0022942374806590917,
        0.002981475709887574
      ],
      "amplification": 0.8995067059660498,
      "amplification_sem": 0.08967294143890406,
      "amplification_ci": [
        0.7446078212458448,
        1.072879410416192
      ],
      "H_internal": 2.6562811596863267,
      "H_internal_sem": 0.01974306555081535,
      "H_internal_ci": [
        2.634071236605356,
        2.696649572108796
      ]
    },
    {
      "rho": 0.3,
      "lyapunov": -0.24668662274545367,
      "lyapunov_sem": 0.000614813974305498,
      "lyapunov_ci": [
        -0.24782679064729268,
        -0.2455181588998435
      ],
      "memory_capacity": 5.084839733758628,
      "memory_capacity_sem": 0.11834099717582122,
      "memory_capacity_ci": [
        4.856313299362693,
        5.302385521936039
      ],
      "R_internal": 0.005720636962776669,
      "R_internal_sem": 0.003620822612408942,
      "R_internal_ci": [
        0.0019043503756840882,
        0.013044979893532399
      ],
      "R_input": 0.0026335721114058427,
      "R_input_sem": 0.0001810262727207572,
      "R_input_ci": [
        0.0022942374806590917,
        0.002981475709887574
      ],
      "amplification": 2.9909464981459517,
      "amplification_sem": 2.17396702911007,
      "amplification_ci": [
        0.726088458368375,
        7.362805050485218
      ],
      "H_internal": 2.699887897721961,
      "H_internal_sem": 0.06440236657682535,
      "H_internal_ci": [
        2.6323897597811152,
        2.8302396146370388
      ]
    },
    {
      "rho": 0.5,
      "lyapunov": -0.17958525472349696,
      "lyapunov_sem": 0.0009513399567669824,
      "lyapunov_ci": [
        -0.1813301643642752,
        -0.17776820909339136
      ],
      "memory_capacity": 6.039253833327248,
      "memory_capacity_sem": 0.13260686655908668,
      "memory_capacity_ci": [
        5.7851725165585535,
        6.281118796692216
      ],
      "R_internal": 0.002177233401513297,
      "R_internal_sem": 0.00016789961313840057,
      "R_internal_ci": [
        0.0018626517947309827,
        0.0024883128193502048
      ],
      "R_input": 0.0026335721114058427,
      "R_input_sem": 0.0001810262727207572,
      "R_input_ci": [
        0.0022942374806590917,
        0.002981475709887574
      ],
      "amplification": 0.8811371090889841,
      "amplification_sem": 0.08288166046925761,
      "amplification_ci": [
        0.7275790818341347,
        1.0387100429068001
      ],
      "H_internal": 2.6700541501246513,
      "H_internal_sem": 0.030876958877174444,
      "H_internal_ci": [
        2.6328929234985448,
        2.7353439775326356
      ]
    },
    {
      "rho": 0.7,
      "lyapunov": -0.11725914788716565,
      "lyapunov_sem": 0.0012676373086561582,
      "lyapunov_ci": [
        -0.11964376817770389,
        -0.11482143813342859
      ],
      "memory_capacity": 6.534381161714588,
      "memory_capacity_sem": 0.13946260177487638,
      "memory_capacity_ci": [
        6.27654652087326,
        6.78026539323914
      ],
      "R_internal": 0.001972379307006123,
      "R_internal_sem": 0.00014348197446442678,
      "R_internal_ci": [
        0.001719654308056051,
        0.002255104781168902
      ],
      "R_input": 0.0026335721114058427,
      "R_input_sem": 0.0001810262727207572,
      "R_input_ci": [
        0.0022942374806590917,
        0.002981475709887574
      ],
      "amplification": 0.7988161271641061,
      "amplification_sem": 0.07239989286358782,
      "amplification_ci": [
        0.6676580290783892,
        0.9371120645735556
      ],
      "H_internal": 2.6198175114689484,
      "H_internal_sem": 0.0174468000887931,
      "H_internal_ci": [
        2.582931076976886,
        2.6407652098409296
      ]
    },
    {
      "rho": 0.85,
      "lyapunov": -0.07367032918975117,
      "lyapunov_sem": 0.0015030475175003915,
      "lyapunov_ci": [
        -0.07651779430310388,
        -0.07078947050545255
      ],
      "memory_capacity": 6.2784882419907415,
      "memory_capacity_sem": 0.12950762751192563,
      "memory_capacity_ci": [
        6.028477947918421,
        6.503295826306912
      ],
      "R_internal": 0.002180502120271239,
      "R_internal_sem": 0.00024978916954558524,
      "R_internal_ci": [
        0.001758727635951069,
        0.0027153466380196996
      ],
      "R_input": 0.0026335721114058427,
      "R_input_sem": 0.0001810262727207572,
      "R_input_ci": [
        0.0022942374806590917,
        0.002981475709887574
      ],
      "amplification": 0.861265295780704,
      "amplification_sem": 0.08357774808058543,
      "amplification_ci": [
        0.7069147518003819,
        1.0196346297238157
      ],
      "H_internal": 2.6754497000924675,
      "H_internal_sem": 0.039188477995006896,
      "H_internal_ci": [
        2.631565303159509,
        2.7561411091310015
      ]
    },
    {
      "rho": 0.95,
      "lyapunov": -0.046611928861555046,
      "lyapunov_sem": 0.0016808599542945974,
      "lyapunov_ci": [
        -0.04971552078222579,
        -0.04343343993496733
      ],
      "memory_capacity": 5.66189073570209,
      "memory_capacity_sem": 0.12063334403053677,
      "memory_capacity_ci": [
        5.421805094570015,
        5.874001411042324
      ],
      "R_internal": 0.002218120705583106,
      "R_internal_sem": 0.00022554864720382352,
      "R_internal_ci": [
        0.0018236669156645746,
        0.0026853204402324153
      ],
      "R_input": 0.0026335721114058427,
      "R_input_sem": 0.0001810262727207572,
      "R_input_ci": [
        0.0022942374806590917,
        0.002981475709887574
      ],
      "amplification": 0.8840234576976291,
      "amplification_sem": 0.08766290023362755,
      "amplification_ci": [
        0.7296093745272856,
        1.054135751686018
      ],
      "H_internal": 2.662491714648063,
      "H_internal_sem": 0.028374402492455014,
      "H_internal_ci": [
        2.6287523494171885,
        2.721730138669991
      ]
    },
    {
      "rho": 1.0,
      "lyapunov": -0.033908538156909356,
      "lyapunov_sem": 0.00177680644041635,
      "lyapunov_ci": [
        -0.03726399250050908,
        -0.03059841374154851
      ],